obcina,regija,leto,stevilo.studentk,stopnja.razlike
AJDOVŠČINA,Goriška,2012,135,5.4
AJDOVŠČINA,Goriška,2013,149,4.3
AJDOVŠČINA,Goriška,2014,144,5.7
AJDOVŠČINA,Goriška,2015,148,6.1
AJDOVŠČINA,Goriška,2016,152,4.7
AJDOVŠČINA,Goriška,2017,152,5.7
AJDOVŠČINA,Goriška,2018,168,7.2
AJDOVŠČINA,Goriška,2019,165,6.6
AJDOVŠČINA,Goriška,2020,162,2.8
ANKARAN,Obalno-kraška,2012,NA,NA
ANKARAN,Obalno-kraška,2013,NA,NA
ANKARAN,Obalno-kraška,2014,100,NA
ANKARAN,Obalno-kraška,2015,136,9.8
ANKARAN,Obalno-kraška,2016,154,9.3
ANKARAN,Obalno-kraška,2017,140,8.2
ANKARAN,Obalno-kraška,2018,161,8.6
ANKARAN,Obalno-kraška,2019,164,6.5
ANKARAN,Obalno-kraška,2020,181,7.8
APAČE,Pomurska,2012,185,1.9
APAČE,Pomurska,2013,175,4.9
APAČE,Pomurska,2014,167,7.0
APAČE,Pomurska,2015,183,7.0
APAČE,Pomurska,2016,154,9.9
APAČE,Pomurska,2017,157,8.8
APAČE,Pomurska,2018,122,10.3
APAČE,Pomurska,2019,126,13.2
APAČE,Pomurska,2020,173,7.3
BELTINCI,Pomurska,2012,134,0.9
BELTINCI,Pomurska,2013,132,3.6
BELTINCI,Pomurska,2014,158,2.5
BELTINCI,Pomurska,2015,178,2.1
BELTINCI,Pomurska,2016,165,5.9
BELTINCI,Pomurska,2017,165,8.0
BELTINCI,Pomurska,2018,179,9.6
BELTINCI,Pomurska,2019,161,8.9
BELTINCI,Pomurska,2020,148,4.6
BENEDIKT,Podravska,2012,144,-0.7
BENEDIKT,Podravska,2013,176,0.9
BENEDIKT,Podravska,2014,184,-0.4
BENEDIKT,Podravska,2015,210,3.8
BENEDIKT,Podravska,2016,261,5.4
BENEDIKT,Podravska,2017,261,6.1
BENEDIKT,Podravska,2018,267,12.4
BENEDIKT,Podravska,2019,245,11.3
BENEDIKT,Podravska,2020,159,4.2
BISTRICA OB SOTLI,Posavska,2012,179,-1.9
BISTRICA OB SOTLI,Posavska,2013,115,-2.8
BISTRICA OB SOTLI,Posavska,2014,140,0.6
BISTRICA OB SOTLI,Posavska,2015,174,3.8
BISTRICA OB SOTLI,Posavska,2016,125,6.8
BISTRICA OB SOTLI,Posavska,2017,176,5.7
BISTRICA OB SOTLI,Posavska,2018,132,6.8
BISTRICA OB SOTLI,Posavska,2019,112,2.3
BISTRICA OB SOTLI,Posavska,2020,121,-6.3
BLED,Gorenjska,2012,117,5.0
BLED,Gorenjska,2013,126,5.9
BLED,Gorenjska,2014,124,5.9
BLED,Gorenjska,2015,130,4.5
BLED,Gorenjska,2016,123,4.6
BLED,Gorenjska,2017,121,3.6
BLED,Gorenjska,2018,141,5.5
BLED,Gorenjska,2019,154,3.9
BLED,Gorenjska,2020,173,0.6
BLOKE,Primorsko-notranjska,2012,80,-2.2
BLOKE,Primorsko-notranjska,2013,117,4.0
BLOKE,Primorsko-notranjska,2014,109,3.0
BLOKE,Primorsko-notranjska,2015,81,0.5
BLOKE,Primorsko-notranjska,2016,109,4.4
BLOKE,Primorsko-notranjska,2017,139,0.9
BLOKE,Primorsko-notranjska,2018,83,-1.0
BLOKE,Primorsko-notranjska,2019,72,-4.4
BLOKE,Primorsko-notranjska,2020,85,-8.4
BOHINJ,Gorenjska,2012,155,7.0
BOHINJ,Gorenjska,2013,145,7.5
BOHINJ,Gorenjska,2014,134,6.1
BOHINJ,Gorenjska,2015,136,3.6
BOHINJ,Gorenjska,2016,154,8.3
BOHINJ,Gorenjska,2017,148,9.9
BOHINJ,Gorenjska,2018,127,9.2
BOHINJ,Gorenjska,2019,154,8.5
BOHINJ,Gorenjska,2020,158,5.5
BOROVNICA,Osrednjeslovenska,2012,131,7.8
BOROVNICA,Osrednjeslovenska,2013,137,9.4
BOROVNICA,Osrednjeslovenska,2014,151,7.5
BOROVNICA,Osrednjeslovenska,2015,151,7.3
BOROVNICA,Osrednjeslovenska,2016,158,6.7
BOROVNICA,Osrednjeslovenska,2017,154,9.5
BOROVNICA,Osrednjeslovenska,2018,157,10.6
BOROVNICA,Osrednjeslovenska,2019,162,9.1
BOROVNICA,Osrednjeslovenska,2020,169,3.6
BOVEC,Goriška,2012,185,16.9
BOVEC,Goriška,2013,208,12.7
BOVEC,Goriška,2014,205,19.9
BOVEC,Goriška,2015,281,15.4
BOVEC,Goriška,2016,247,13.4
BOVEC,Goriška,2017,228,16.9
BOVEC,Goriška,2018,218,16.8
BOVEC,Goriška,2019,207,14.5
BOVEC,Goriška,2020,196,7.9
BRASLOVČE,Savinjska,2012,124,16.7
BRASLOVČE,Savinjska,2013,117,14.5
BRASLOVČE,Savinjska,2014,129,16.5
BRASLOVČE,Savinjska,2015,126,17.3
BRASLOVČE,Savinjska,2016,148,15.7
BRASLOVČE,Savinjska,2017,166,13.0
BRASLOVČE,Savinjska,2018,128,14.9
BRASLOVČE,Savinjska,2019,120,14.1
BRASLOVČE,Savinjska,2020,99,14.2
BRDA,Goriška,2012,161,11.8
BRDA,Goriška,2013,158,9.3
BRDA,Goriška,2014,165,9.8
BRDA,Goriška,2015,168,9.6
BRDA,Goriška,2016,159,8.1
BRDA,Goriška,2017,144,6.7
BRDA,Goriška,2018,156,10.1
BRDA,Goriška,2019,175,6.9
BRDA,Goriška,2020,162,3.4
BREZOVICA,Osrednjeslovenska,2012,140,6.5
BREZOVICA,Osrednjeslovenska,2013,137,5.5
BREZOVICA,Osrednjeslovenska,2014,161,6.9
BREZOVICA,Osrednjeslovenska,2015,161,7.5
BREZOVICA,Osrednjeslovenska,2016,153,6.7
BREZOVICA,Osrednjeslovenska,2017,133,7.2
BREZOVICA,Osrednjeslovenska,2018,122,8.1
BREZOVICA,Osrednjeslovenska,2019,111,7.2
BREZOVICA,Osrednjeslovenska,2020,124,7.0
BREŽICE,Posavska,2012,129,6.1
BREŽICE,Posavska,2013,137,4.9
BREŽICE,Posavska,2014,133,3.9
BREŽICE,Posavska,2015,134,6.0
BREŽICE,Posavska,2016,143,5.7
BREŽICE,Posavska,2017,145,6.0
BREŽICE,Posavska,2018,151,8.4
BREŽICE,Posavska,2019,148,6.8
BREŽICE,Posavska,2020,140,4.7
CANKOVA,Pomurska,2012,124,13.0
CANKOVA,Pomurska,2013,124,10.8
CANKOVA,Pomurska,2014,145,5.4
CANKOVA,Pomurska,2015,134,6.1
CANKOVA,Pomurska,2016,204,11.3
CANKOVA,Pomurska,2017,148,8.5
CANKOVA,Pomurska,2018,171,10.7
CANKOVA,Pomurska,2019,141,5.9
CANKOVA,Pomurska,2020,160,1.9
CELJE,Savinjska,2012,142,3.7
CELJE,Savinjska,2013,137,3.5
CELJE,Savinjska,2014,143,1.6
CELJE,Savinjska,2015,137,2.3
CELJE,Savinjska,2016,131,2.0
CELJE,Savinjska,2017,130,1.7
CELJE,Savinjska,2018,132,2.7
CELJE,Savinjska,2019,133,0.2
CELJE,Savinjska,2020,127,-4.7
CERKLJE NA GORENJSKEM,Gorenjska,2012,137,7.9
CERKLJE NA GORENJSKEM,Gorenjska,2013,137,9.7
CERKLJE NA GORENJSKEM,Gorenjska,2014,136,9.6
CERKLJE NA GORENJSKEM,Gorenjska,2015,138,10.9
CERKLJE NA GORENJSKEM,Gorenjska,2016,137,13.3
CERKLJE NA GORENJSKEM,Gorenjska,2017,128,11.3
CERKLJE NA GORENJSKEM,Gorenjska,2018,149,11.6
CERKLJE NA GORENJSKEM,Gorenjska,2019,140,9.8
CERKLJE NA GORENJSKEM,Gorenjska,2020,146,6.4
CERKNICA,Primorsko-notranjska,2012,160,1.9
CERKNICA,Primorsko-notranjska,2013,146,3.2
CERKNICA,Primorsko-notranjska,2014,149,4.0
CERKNICA,Primorsko-notranjska,2015,138,5.8
CERKNICA,Primorsko-notranjska,2016,142,3.1
CERKNICA,Primorsko-notranjska,2017,131,3.5
CERKNICA,Primorsko-notranjska,2018,162,4.7
CERKNICA,Primorsko-notranjska,2019,161,5.0
CERKNICA,Primorsko-notranjska,2020,175,2.7
CERKNO,Goriška,2012,163,11.6
CERKNO,Goriška,2013,174,11.8
CERKNO,Goriška,2014,175,12.5
CERKNO,Goriška,2015,191,12.6
CERKNO,Goriška,2016,191,12.1
CERKNO,Goriška,2017,173,14.2
CERKNO,Goriška,2018,136,13.2
CERKNO,Goriška,2019,126,11.8
CERKNO,Goriška,2020,142,8.7
CERKVENJAK,Podravska,2012,188,8.4
CERKVENJAK,Podravska,2013,209,3.9
CERKVENJAK,Podravska,2014,229,2.5
CERKVENJAK,Podravska,2015,216,1.4
CERKVENJAK,Podravska,2016,200,3.9
CERKVENJAK,Podravska,2017,211,5.3
CERKVENJAK,Podravska,2018,150,7.3
CERKVENJAK,Podravska,2019,138,4.8
CERKVENJAK,Podravska,2020,110,4.2
CIRKULANE,Podravska,2012,132,11.6
CIRKULANE,Podravska,2013,130,10.5
CIRKULANE,Podravska,2014,113,11.5
CIRKULANE,Podravska,2015,112,10.7
CIRKULANE,Podravska,2016,112,11.7
CIRKULANE,Podravska,2017,119,13.1
CIRKULANE,Podravska,2018,162,14.7
CIRKULANE,Podravska,2019,167,14.2
CIRKULANE,Podravska,2020,126,10.8
ČRENŠOVCI,Pomurska,2012,156,4.1
ČRENŠOVCI,Pomurska,2013,208,5.2
ČRENŠOVCI,Pomurska,2014,184,3.6
ČRENŠOVCI,Pomurska,2015,181,3.3
ČRENŠOVCI,Pomurska,2016,186,7.1
ČRENŠOVCI,Pomurska,2017,218,8.8
ČRENŠOVCI,Pomurska,2018,211,9.7
ČRENŠOVCI,Pomurska,2019,183,8.1
ČRENŠOVCI,Pomurska,2020,203,4.1
ČRNA NA KOROŠKEM,Koroška,2012,135,5.8
ČRNA NA KOROŠKEM,Koroška,2013,157,8.2
ČRNA NA KOROŠKEM,Koroška,2014,142,7.6
ČRNA NA KOROŠKEM,Koroška,2015,134,13.5
ČRNA NA KOROŠKEM,Koroška,2016,131,13.1
ČRNA NA KOROŠKEM,Koroška,2017,117,15.5
ČRNA NA KOROŠKEM,Koroška,2018,141,13.1
ČRNA NA KOROŠKEM,Koroška,2019,124,11.9
ČRNA NA KOROŠKEM,Koroška,2020,96,6.2
ČRNOMELJ,Jugovzhodna Slovenija,2012,139,-3.1
ČRNOMELJ,Jugovzhodna Slovenija,2013,139,0.6
ČRNOMELJ,Jugovzhodna Slovenija,2014,146,2.0
ČRNOMELJ,Jugovzhodna Slovenija,2015,153,1.1
ČRNOMELJ,Jugovzhodna Slovenija,2016,137,1.8
ČRNOMELJ,Jugovzhodna Slovenija,2017,155,1.1
ČRNOMELJ,Jugovzhodna Slovenija,2018,144,2.8
ČRNOMELJ,Jugovzhodna Slovenija,2019,147,2.5
ČRNOMELJ,Jugovzhodna Slovenija,2020,154,-0.8
DESTRNIK,Podravska,2012,145,9.3
DESTRNIK,Podravska,2013,186,11.7
DESTRNIK,Podravska,2014,181,13.4
DESTRNIK,Podravska,2015,137,10.2
DESTRNIK,Podravska,2016,161,10.5
DESTRNIK,Podravska,2017,147,9.8
DESTRNIK,Podravska,2018,137,11.5
DESTRNIK,Podravska,2019,109,11.6
DESTRNIK,Podravska,2020,139,6.9
DIVAČA,Obalno-kraška,2012,192,4.0
DIVAČA,Obalno-kraška,2013,183,5.0
DIVAČA,Obalno-kraška,2014,184,9.2
DIVAČA,Obalno-kraška,2015,180,6.9
DIVAČA,Obalno-kraška,2016,165,9.8
DIVAČA,Obalno-kraška,2017,164,8.4
DIVAČA,Obalno-kraška,2018,173,12.3
DIVAČA,Obalno-kraška,2019,143,13.1
DIVAČA,Obalno-kraška,2020,143,8.1
DOBJE,Savinjska,2012,128,6.4
DOBJE,Savinjska,2013,156,-0.2
DOBJE,Savinjska,2014,139,0.1
DOBJE,Savinjska,2015,110,2.6
DOBJE,Savinjska,2016,144,6.8
DOBJE,Savinjska,2017,141,0.7
DOBJE,Savinjska,2018,183,2.5
DOBJE,Savinjska,2019,300,6.0
DOBJE,Savinjska,2020,264,0.2
DOBREPOLJE,Osrednjeslovenska,2012,130,4.4
DOBREPOLJE,Osrednjeslovenska,2013,136,5.8
DOBREPOLJE,Osrednjeslovenska,2014,154,6.2
DOBREPOLJE,Osrednjeslovenska,2015,135,4.7
DOBREPOLJE,Osrednjeslovenska,2016,133,6.9
DOBREPOLJE,Osrednjeslovenska,2017,172,5.4
DOBREPOLJE,Osrednjeslovenska,2018,184,9.5
DOBREPOLJE,Osrednjeslovenska,2019,180,7.4
DOBREPOLJE,Osrednjeslovenska,2020,172,1.2
DOBRNA,Savinjska,2012,126,12.4
DOBRNA,Savinjska,2013,104,11.5
DOBRNA,Savinjska,2014,104,12.1
DOBRNA,Savinjska,2015,127,10.4
DOBRNA,Savinjska,2016,115,7.7
DOBRNA,Savinjska,2017,123,8.9
DOBRNA,Savinjska,2018,127,12.2
DOBRNA,Savinjska,2019,124,11.4
DOBRNA,Savinjska,2020,124,8.0
DOBROVA - POLHOV GRADEC,Osrednjeslovenska,2012,202,2.9
DOBROVA - POLHOV GRADEC,Osrednjeslovenska,2013,181,4.1
DOBROVA - POLHOV GRADEC,Osrednjeslovenska,2014,183,3.3
DOBROVA - POLHOV GRADEC,Osrednjeslovenska,2015,153,6.8
DOBROVA - POLHOV GRADEC,Osrednjeslovenska,2016,144,6.4
DOBROVA - POLHOV GRADEC,Osrednjeslovenska,2017,140,5.2
DOBROVA - POLHOV GRADEC,Osrednjeslovenska,2018,134,7.8
DOBROVA - POLHOV GRADEC,Osrednjeslovenska,2019,122,5.3
DOBROVA - POLHOV GRADEC,Osrednjeslovenska,2020,115,0.0
DOBROVNIK,Pomurska,2012,79,-6.0
DOBROVNIK,Pomurska,2013,105,-14.2
DOBROVNIK,Pomurska,2014,132,-12.5
DOBROVNIK,Pomurska,2015,111,-6.0
DOBROVNIK,Pomurska,2016,88,-4.0
DOBROVNIK,Pomurska,2017,88,-0.8
DOBROVNIK,Pomurska,2018,107,-4.2
DOBROVNIK,Pomurska,2019,108,4.9
DOBROVNIK,Pomurska,2020,150,-2.8
DOL PRI LJUBLJANI,Osrednjeslovenska,2012,152,7.0
DOL PRI LJUBLJANI,Osrednjeslovenska,2013,152,5.6
DOL PRI LJUBLJANI,Osrednjeslovenska,2014,121,7.6
DOL PRI LJUBLJANI,Osrednjeslovenska,2015,119,7.4
DOL PRI LJUBLJANI,Osrednjeslovenska,2016,114,8.1
DOL PRI LJUBLJANI,Osrednjeslovenska,2017,108,5.8
DOL PRI LJUBLJANI,Osrednjeslovenska,2018,108,6.7
DOL PRI LJUBLJANI,Osrednjeslovenska,2019,134,7.7
DOL PRI LJUBLJANI,Osrednjeslovenska,2020,153,4.4
DOLENJSKE TOPLICE,Jugovzhodna Slovenija,2012,114,3.7
DOLENJSKE TOPLICE,Jugovzhodna Slovenija,2013,146,5.1
DOLENJSKE TOPLICE,Jugovzhodna Slovenija,2014,115,2.8
DOLENJSKE TOPLICE,Jugovzhodna Slovenija,2015,111,4.6
DOLENJSKE TOPLICE,Jugovzhodna Slovenija,2016,127,3.4
DOLENJSKE TOPLICE,Jugovzhodna Slovenija,2017,118,5.0
DOLENJSKE TOPLICE,Jugovzhodna Slovenija,2018,120,6.6
DOLENJSKE TOPLICE,Jugovzhodna Slovenija,2019,126,5.3
DOLENJSKE TOPLICE,Jugovzhodna Slovenija,2020,135,2.8
DOMŽALE,Osrednjeslovenska,2012,140,8.4
DOMŽALE,Osrednjeslovenska,2013,141,9.8
DOMŽALE,Osrednjeslovenska,2014,139,8.1
DOMŽALE,Osrednjeslovenska,2015,135,9.2
DOMŽALE,Osrednjeslovenska,2016,132,7.4
DOMŽALE,Osrednjeslovenska,2017,145,7.7
DOMŽALE,Osrednjeslovenska,2018,138,8.2
DOMŽALE,Osrednjeslovenska,2019,131,6.4
DOMŽALE,Osrednjeslovenska,2020,123,3.1
DORNAVA,Podravska,2012,158,8.8
DORNAVA,Podravska,2013,167,9.3
DORNAVA,Podravska,2014,128,12.1
DORNAVA,Podravska,2015,124,11.6
DORNAVA,Podravska,2016,133,14.3
DORNAVA,Podravska,2017,147,14.4
DORNAVA,Podravska,2018,162,15.3
DORNAVA,Podravska,2019,185,14.7
DORNAVA,Podravska,2020,200,6.4
DRAVOGRAD,Koroška,2012,109,1.1
DRAVOGRAD,Koroška,2013,126,1.9
DRAVOGRAD,Koroška,2014,133,4.1
DRAVOGRAD,Koroška,2015,143,4.5
DRAVOGRAD,Koroška,2016,150,6.1
DRAVOGRAD,Koroška,2017,156,8.3
DRAVOGRAD,Koroška,2018,132,8.6
DRAVOGRAD,Koroška,2019,131,6.9
DRAVOGRAD,Koroška,2020,129,3.2
DUPLEK,Podravska,2012,156,4.2
DUPLEK,Podravska,2013,156,5.6
DUPLEK,Podravska,2014,150,3.5
DUPLEK,Podravska,2015,160,6.2
DUPLEK,Podravska,2016,167,4.8
DUPLEK,Podravska,2017,179,7.2
DUPLEK,Podravska,2018,158,9.6
DUPLEK,Podravska,2019,147,9.5
DUPLEK,Podravska,2020,160,5.8
GORENJA VAS - POLJANE,Gorenjska,2012,161,8.9
GORENJA VAS - POLJANE,Gorenjska,2013,146,8.9
GORENJA VAS - POLJANE,Gorenjska,2014,159,10.0
GORENJA VAS - POLJANE,Gorenjska,2015,160,11.9
GORENJA VAS - POLJANE,Gorenjska,2016,168,13.3
GORENJA VAS - POLJANE,Gorenjska,2017,156,11.9
GORENJA VAS - POLJANE,Gorenjska,2018,173,12.7
GORENJA VAS - POLJANE,Gorenjska,2019,186,11.6
GORENJA VAS - POLJANE,Gorenjska,2020,185,8.9
GORIŠNICA,Podravska,2012,179,7.9
GORIŠNICA,Podravska,2013,186,9.4
GORIŠNICA,Podravska,2014,169,11.5
GORIŠNICA,Podravska,2015,123,11.6
GORIŠNICA,Podravska,2016,96,10.9
GORIŠNICA,Podravska,2017,89,15.2
GORIŠNICA,Podravska,2018,103,15.0
GORIŠNICA,Podravska,2019,124,13.4
GORIŠNICA,Podravska,2020,137,6.8
GORJE,Gorenjska,2012,148,10.2
GORJE,Gorenjska,2013,147,10.3
GORJE,Gorenjska,2014,130,7.4
GORJE,Gorenjska,2015,140,11.4
GORJE,Gorenjska,2016,140,9.3
GORJE,Gorenjska,2017,112,12.2
GORJE,Gorenjska,2018,113,10.3
GORJE,Gorenjska,2019,152,7.8
GORJE,Gorenjska,2020,153,5.7
GORNJA RADGONA,Pomurska,2012,136,0.8
GORNJA RADGONA,Pomurska,2013,149,5.6
GORNJA RADGONA,Pomurska,2014,139,4.9
GORNJA RADGONA,Pomurska,2015,154,6.0
GORNJA RADGONA,Pomurska,2016,158,6.6
GORNJA RADGONA,Pomurska,2017,140,8.5
GORNJA RADGONA,Pomurska,2018,129,11.5
GORNJA RADGONA,Pomurska,2019,144,8.3
GORNJA RADGONA,Pomurska,2020,129,1.8
GORNJI GRAD,Savinjska,2012,119,5.2
GORNJI GRAD,Savinjska,2013,138,8.2
GORNJI GRAD,Savinjska,2014,140,7.5
GORNJI GRAD,Savinjska,2015,197,5.5
GORNJI GRAD,Savinjska,2016,176,4.8
GORNJI GRAD,Savinjska,2017,197,7.7
GORNJI GRAD,Savinjska,2018,123,9.3
GORNJI GRAD,Savinjska,2019,145,10.2
GORNJI GRAD,Savinjska,2020,210,2.4
GORNJI PETROVCI,Pomurska,2012,209,13.3
GORNJI PETROVCI,Pomurska,2013,269,8.3
GORNJI PETROVCI,Pomurska,2014,273,12.0
GORNJI PETROVCI,Pomurska,2015,162,16.1
GORNJI PETROVCI,Pomurska,2016,143,15.1
GORNJI PETROVCI,Pomurska,2017,155,16.6
GORNJI PETROVCI,Pomurska,2018,139,18.7
GORNJI PETROVCI,Pomurska,2019,175,19.8
GORNJI PETROVCI,Pomurska,2020,159,10.3
GRAD,Pomurska,2012,229,4.9
GRAD,Pomurska,2013,200,12.2
GRAD,Pomurska,2014,224,5.1
GRAD,Pomurska,2015,205,3.6
GRAD,Pomurska,2016,229,14.6
GRAD,Pomurska,2017,241,14.1
GRAD,Pomurska,2018,228,14.3
GRAD,Pomurska,2019,218,11.2
GRAD,Pomurska,2020,243,10.4
GROSUPLJE,Osrednjeslovenska,2012,146,3.5
GROSUPLJE,Osrednjeslovenska,2013,147,4.5
GROSUPLJE,Osrednjeslovenska,2014,161,3.0
GROSUPLJE,Osrednjeslovenska,2015,155,2.8
GROSUPLJE,Osrednjeslovenska,2016,141,3.1
GROSUPLJE,Osrednjeslovenska,2017,132,1.2
GROSUPLJE,Osrednjeslovenska,2018,133,1.0
GROSUPLJE,Osrednjeslovenska,2019,126,-0.7
GROSUPLJE,Osrednjeslovenska,2020,126,-2.6
HAJDINA,Podravska,2012,121,16.3
HAJDINA,Podravska,2013,136,11.2
HAJDINA,Podravska,2014,112,12.4
HAJDINA,Podravska,2015,97,11.9
HAJDINA,Podravska,2016,97,14.2
HAJDINA,Podravska,2017,109,15.0
HAJDINA,Podravska,2018,117,15.3
HAJDINA,Podravska,2019,98,11.7
HAJDINA,Podravska,2020,103,5.9
HOČE - SLIVNICA,Podravska,2012,128,3.2
HOČE - SLIVNICA,Podravska,2013,133,2.8
HOČE - SLIVNICA,Podravska,2014,134,3.4
HOČE - SLIVNICA,Podravska,2015,138,3.6
HOČE - SLIVNICA,Podravska,2016,125,3.5
HOČE - SLIVNICA,Podravska,2017,128,3.8
HOČE - SLIVNICA,Podravska,2018,133,6.6
HOČE - SLIVNICA,Podravska,2019,141,5.4
HOČE - SLIVNICA,Podravska,2020,159,1.2
HODOŠ,Pomurska,2012,900,20.8
HODOŠ,Pomurska,2013,450,20.4
HODOŠ,Pomurska,2014,250,28.8
HODOŠ,Pomurska,2015,100,32.1
HODOŠ,Pomurska,2016,500,34.4
HODOŠ,Pomurska,2017,NA,23.4
HODOŠ,Pomurska,2018,NA,16.7
HODOŠ,Pomurska,2019,NA,17.0
HODOŠ,Pomurska,2020,100,13.6
HORJUL,Osrednjeslovenska,2012,125,7.6
HORJUL,Osrednjeslovenska,2013,154,8.2
HORJUL,Osrednjeslovenska,2014,158,11.1
HORJUL,Osrednjeslovenska,2015,172,8.4
HORJUL,Osrednjeslovenska,2016,242,10.1
HORJUL,Osrednjeslovenska,2017,175,8.2
HORJUL,Osrednjeslovenska,2018,192,11.0
HORJUL,Osrednjeslovenska,2019,156,7.9
HORJUL,Osrednjeslovenska,2020,176,4.9
HRASTNIK,Zasavska,2012,168,8.6
HRASTNIK,Zasavska,2013,151,6.0
HRASTNIK,Zasavska,2014,170,6.2
HRASTNIK,Zasavska,2015,149,8.3
HRASTNIK,Zasavska,2016,143,5.8
HRASTNIK,Zasavska,2017,147,8.5
HRASTNIK,Zasavska,2018,141,9.3
HRASTNIK,Zasavska,2019,113,9.4
HRASTNIK,Zasavska,2020,112,4.2
HRPELJE - KOZINA,Obalno-kraška,2012,130,5.3
HRPELJE - KOZINA,Obalno-kraška,2013,165,3.4
HRPELJE - KOZINA,Obalno-kraška,2014,149,5.0
HRPELJE - KOZINA,Obalno-kraška,2015,158,2.6
HRPELJE - KOZINA,Obalno-kraška,2016,123,6.0
HRPELJE - KOZINA,Obalno-kraška,2017,119,7.3
HRPELJE - KOZINA,Obalno-kraška,2018,144,9.0
HRPELJE - KOZINA,Obalno-kraška,2019,147,7.9
HRPELJE - KOZINA,Obalno-kraška,2020,183,4.7
IDRIJA,Goriška,2012,132,7.7
IDRIJA,Goriška,2013,132,7.9
IDRIJA,Goriška,2014,127,7.4
IDRIJA,Goriška,2015,120,8.0
IDRIJA,Goriška,2016,120,7.7
IDRIJA,Goriška,2017,120,9.4
IDRIJA,Goriška,2018,121,6.7
IDRIJA,Goriška,2019,137,5.1
IDRIJA,Goriška,2020,131,0.4
IG,Osrednjeslovenska,2012,150,0.7
IG,Osrednjeslovenska,2013,162,2.1
IG,Osrednjeslovenska,2014,145,1.3
IG,Osrednjeslovenska,2015,116,0.7
IG,Osrednjeslovenska,2016,106,0.8
IG,Osrednjeslovenska,2017,126,-1.5
IG,Osrednjeslovenska,2018,155,0.6
IG,Osrednjeslovenska,2019,145,-0.2
IG,Osrednjeslovenska,2020,179,-3.6
ILIRSKA BISTRICA,Primorsko-notranjska,2012,171,2.1
ILIRSKA BISTRICA,Primorsko-notranjska,2013,152,0.4
ILIRSKA BISTRICA,Primorsko-notranjska,2014,152,3.4
ILIRSKA BISTRICA,Primorsko-notranjska,2015,140,5.0
ILIRSKA BISTRICA,Primorsko-notranjska,2016,135,6.2
ILIRSKA BISTRICA,Primorsko-notranjska,2017,143,5.6
ILIRSKA BISTRICA,Primorsko-notranjska,2018,134,8.8
ILIRSKA BISTRICA,Primorsko-notranjska,2019,132,8.6
ILIRSKA BISTRICA,Primorsko-notranjska,2020,161,5.7
IVANČNA GORICA,Osrednjeslovenska,2012,143,2.6
IVANČNA GORICA,Osrednjeslovenska,2013,141,4.0
IVANČNA GORICA,Osrednjeslovenska,2014,153,4.5
IVANČNA GORICA,Osrednjeslovenska,2015,140,3.2
IVANČNA GORICA,Osrednjeslovenska,2016,145,3.9
IVANČNA GORICA,Osrednjeslovenska,2017,148,1.7
IVANČNA GORICA,Osrednjeslovenska,2018,157,3.5
IVANČNA GORICA,Osrednjeslovenska,2019,131,1.1
IVANČNA GORICA,Osrednjeslovenska,2020,133,-2.5
IZOLA,Obalno-kraška,2012,134,9.4
IZOLA,Obalno-kraška,2013,135,7.8
IZOLA,Obalno-kraška,2014,144,8.1
IZOLA,Obalno-kraška,2015,130,9.1
IZOLA,Obalno-kraška,2016,128,9.2
IZOLA,Obalno-kraška,2017,128,8.7
IZOLA,Obalno-kraška,2018,153,7.6
IZOLA,Obalno-kraška,2019,136,7.2
IZOLA,Obalno-kraška,2020,142,2.9
JESENICE,Gorenjska,2012,174,7.5
JESENICE,Gorenjska,2013,161,7.5
JESENICE,Gorenjska,2014,164,8.9
JESENICE,Gorenjska,2015,153,10.2
JESENICE,Gorenjska,2016,147,9.8
JESENICE,Gorenjska,2017,134,11.4
JESENICE,Gorenjska,2018,153,11.7
JESENICE,Gorenjska,2019,126,11.3
JESENICE,Gorenjska,2020,127,5.6
JEZERSKO,Gorenjska,2012,87,11.3
JEZERSKO,Gorenjska,2013,136,12.7
JEZERSKO,Gorenjska,2014,150,11.3
JEZERSKO,Gorenjska,2015,175,15.6
JEZERSKO,Gorenjska,2016,217,15.3
JEZERSKO,Gorenjska,2017,110,10.5
JEZERSKO,Gorenjska,2018,110,5.2
JEZERSKO,Gorenjska,2019,160,8.2
JEZERSKO,Gorenjska,2020,186,15.7
JURŠINCI,Podravska,2012,145,6.6
JURŠINCI,Podravska,2013,116,5.5
JURŠINCI,Podravska,2014,123,7.4
JURŠINCI,Podravska,2015,111,12.2
JURŠINCI,Podravska,2016,157,14.2
JURŠINCI,Podravska,2017,195,14.7
JURŠINCI,Podravska,2018,117,13.4
JURŠINCI,Podravska,2019,145,11.1
JURŠINCI,Podravska,2020,190,5.2
KAMNIK,Osrednjeslovenska,2012,144,6.3
KAMNIK,Osrednjeslovenska,2013,148,7.0
KAMNIK,Osrednjeslovenska,2014,136,6.3
KAMNIK,Osrednjeslovenska,2015,141,6.5
KAMNIK,Osrednjeslovenska,2016,145,6.9
KAMNIK,Osrednjeslovenska,2017,145,7.2
KAMNIK,Osrednjeslovenska,2018,145,7.6
KAMNIK,Osrednjeslovenska,2019,147,6.0
KAMNIK,Osrednjeslovenska,2020,151,2.6
KANAL,Goriška,2012,129,3.6
KANAL,Goriška,2013,124,4.3
KANAL,Goriška,2014,135,4.6
KANAL,Goriška,2015,128,5.5
KANAL,Goriška,2016,122,4.3
KANAL,Goriška,2017,129,5.6
KANAL,Goriška,2018,117,6.2
KANAL,Goriška,2019,109,5.3
KANAL,Goriška,2020,114,-0.5
KIDRIČEVO,Podravska,2012,155,4.7
KIDRIČEVO,Podravska,2013,149,5.1
KIDRIČEVO,Podravska,2014,166,7.2
KIDRIČEVO,Podravska,2015,181,6.0
KIDRIČEVO,Podravska,2016,178,7.5
KIDRIČEVO,Podravska,2017,169,9.7
KIDRIČEVO,Podravska,2018,137,11.4
KIDRIČEVO,Podravska,2019,112,10.3
KIDRIČEVO,Podravska,2020,110,5.1
KOBARID,Goriška,2012,118,12.3
KOBARID,Goriška,2013,131,13.4
KOBARID,Goriška,2014,122,12.3
KOBARID,Goriška,2015,105,13.5
KOBARID,Goriška,2016,120,13.5
KOBARID,Goriška,2017,115,13.0
KOBARID,Goriška,2018,132,9.7
KOBARID,Goriška,2019,128,8.6
KOBARID,Goriška,2020,139,5.0
KOBILJE,Pomurska,2012,257,9.1
KOBILJE,Pomurska,2013,267,11.9
KOBILJE,Pomurska,2014,240,13.2
KOBILJE,Pomurska,2015,171,13.2
KOBILJE,Pomurska,2016,200,16.2
KOBILJE,Pomurska,2017,275,15.4
KOBILJE,Pomurska,2018,250,13.5
KOBILJE,Pomurska,2019,220,14.2
KOBILJE,Pomurska,2020,300,13.4
KOČEVJE,Jugovzhodna Slovenija,2012,137,2.0
KOČEVJE,Jugovzhodna Slovenija,2013,148,1.8
KOČEVJE,Jugovzhodna Slovenija,2014,144,1.4
KOČEVJE,Jugovzhodna Slovenija,2015,144,2.3
KOČEVJE,Jugovzhodna Slovenija,2016,150,2.0
KOČEVJE,Jugovzhodna Slovenija,2017,143,3.0
KOČEVJE,Jugovzhodna Slovenija,2018,147,5.2
KOČEVJE,Jugovzhodna Slovenija,2019,160,6.6
KOČEVJE,Jugovzhodna Slovenija,2020,167,2.3
KOMEN,Obalno-kraška,2012,111,5.1
KOMEN,Obalno-kraška,2013,123,2.1
KOMEN,Obalno-kraška,2014,134,1.8
KOMEN,Obalno-kraška,2015,153,1.0
KOMEN,Obalno-kraška,2016,128,2.3
KOMEN,Obalno-kraška,2017,125,4.9
KOMEN,Obalno-kraška,2018,119,4.6
KOMEN,Obalno-kraška,2019,128,5.2
KOMEN,Obalno-kraška,2020,142,1.6
KOMENDA,Osrednjeslovenska,2012,163,10.6
KOMENDA,Osrednjeslovenska,2013,163,7.3
KOMENDA,Osrednjeslovenska,2014,153,7.3
KOMENDA,Osrednjeslovenska,2015,115,7.1
KOMENDA,Osrednjeslovenska,2016,128,6.9
KOMENDA,Osrednjeslovenska,2017,148,10.0
KOMENDA,Osrednjeslovenska,2018,147,8.5
KOMENDA,Osrednjeslovenska,2019,140,7.6
KOMENDA,Osrednjeslovenska,2020,165,6.6
KOPER,Obalno-kraška,2012,157,5.6
KOPER,Obalno-kraška,2013,151,5.8
KOPER,Obalno-kraška,2014,142,7.4
KOPER,Obalno-kraška,2015,139,7.8
KOPER,Obalno-kraška,2016,138,8.6
KOPER,Obalno-kraška,2017,140,8.0
KOPER,Obalno-kraška,2018,145,9.2
KOPER,Obalno-kraška,2019,141,9.5
KOPER,Obalno-kraška,2020,138,6.5
KOSTANJEVICA NA KRKI,Posavska,2012,143,-1.3
KOSTANJEVICA NA KRKI,Posavska,2013,124,-3.0
KOSTANJEVICA NA KRKI,Posavska,2014,126,-3.5
KOSTANJEVICA NA KRKI,Posavska,2015,142,-5.3
KOSTANJEVICA NA KRKI,Posavska,2016,132,-1.0
KOSTANJEVICA NA KRKI,Posavska,2017,95,5.0
KOSTANJEVICA NA KRKI,Posavska,2018,100,3.8
KOSTANJEVICA NA KRKI,Posavska,2019,85,1.4
KOSTANJEVICA NA KRKI,Posavska,2020,82,-2.5
KOSTEL,Jugovzhodna Slovenija,2012,220,0.1
KOSTEL,Jugovzhodna Slovenija,2013,200,3.3
KOSTEL,Jugovzhodna Slovenija,2014,89,-7.8
KOSTEL,Jugovzhodna Slovenija,2015,113,-1.3
KOSTEL,Jugovzhodna Slovenija,2016,67,-11.6
KOSTEL,Jugovzhodna Slovenija,2017,129,-9.4
KOSTEL,Jugovzhodna Slovenija,2018,100,-6.4
KOSTEL,Jugovzhodna Slovenija,2019,75,-2.1
KOSTEL,Jugovzhodna Slovenija,2020,45,0.8
KOZJE,Savinjska,2012,140,0.1
KOZJE,Savinjska,2013,177,1.3
KOZJE,Savinjska,2014,124,2.3
KOZJE,Savinjska,2015,127,3.6
KOZJE,Savinjska,2016,108,4.1
KOZJE,Savinjska,2017,128,4.4
KOZJE,Savinjska,2018,141,4.6
KOZJE,Savinjska,2019,160,4.6
KOZJE,Savinjska,2020,169,4.0
KRANJ,Gorenjska,2012,128,9.6
KRANJ,Gorenjska,2013,134,10.2
KRANJ,Gorenjska,2014,127,9.8
KRANJ,Gorenjska,2015,130,10.3
KRANJ,Gorenjska,2016,127,9.5
KRANJ,Gorenjska,2017,132,9.5
KRANJ,Gorenjska,2018,136,9.7
KRANJ,Gorenjska,2019,129,8.1
KRANJ,Gorenjska,2020,134,4.6
KRANJSKA GORA,Gorenjska,2012,150,13.4
KRANJSKA GORA,Gorenjska,2013,140,11.6
KRANJSKA GORA,Gorenjska,2014,159,12.4
KRANJSKA GORA,Gorenjska,2015,159,12.5
KRANJSKA GORA,Gorenjska,2016,154,11.3
KRANJSKA GORA,Gorenjska,2017,138,8.7
KRANJSKA GORA,Gorenjska,2018,137,11.2
KRANJSKA GORA,Gorenjska,2019,116,9.0
KRANJSKA GORA,Gorenjska,2020,114,4.1
KRIŽEVCI,Pomurska,2012,151,11.1
KRIŽEVCI,Pomurska,2013,143,11.9
KRIŽEVCI,Pomurska,2014,136,9.3
KRIŽEVCI,Pomurska,2015,123,10.1
KRIŽEVCI,Pomurska,2016,122,12.5
KRIŽEVCI,Pomurska,2017,123,10.1
KRIŽEVCI,Pomurska,2018,121,15.9
KRIŽEVCI,Pomurska,2019,113,13.5
KRIŽEVCI,Pomurska,2020,119,9.6
KRŠKO,Posavska,2012,136,9.1
KRŠKO,Posavska,2013,136,8.3
KRŠKO,Posavska,2014,135,9.4
KRŠKO,Posavska,2015,137,10.5
KRŠKO,Posavska,2016,139,11.8
KRŠKO,Posavska,2017,138,11.0
KRŠKO,Posavska,2018,138,12.4
KRŠKO,Posavska,2019,132,9.9
KRŠKO,Posavska,2020,132,6.4
KUNGOTA,Podravska,2012,179,2.7
KUNGOTA,Podravska,2013,140,4.3
KUNGOTA,Podravska,2014,130,3.8
KUNGOTA,Podravska,2015,111,4.9
KUNGOTA,Podravska,2016,105,2.6
KUNGOTA,Podravska,2017,99,5.4
KUNGOTA,Podravska,2018,92,4.8
KUNGOTA,Podravska,2019,95,2.9
KUNGOTA,Podravska,2020,91,0.4
KUZMA,Pomurska,2012,140,10.6
KUZMA,Pomurska,2013,150,6.7
KUZMA,Pomurska,2014,200,7.3
KUZMA,Pomurska,2015,267,13.7
KUZMA,Pomurska,2016,262,12.7
KUZMA,Pomurska,2017,400,13.0
KUZMA,Pomurska,2018,278,12.6
KUZMA,Pomurska,2019,480,15.9
KUZMA,Pomurska,2020,213,11.9
LAŠKO,Savinjska,2012,146,4.9
LAŠKO,Savinjska,2013,149,4.8
LAŠKO,Savinjska,2014,144,5.4
LAŠKO,Savinjska,2015,137,5.2
LAŠKO,Savinjska,2016,148,5.2
LAŠKO,Savinjska,2017,153,8.2
LAŠKO,Savinjska,2018,148,7.6
LAŠKO,Savinjska,2019,142,7.3
LAŠKO,Savinjska,2020,153,3.4
LENART,Podravska,2012,146,4.6
LENART,Podravska,2013,150,6.7
LENART,Podravska,2014,138,4.0
LENART,Podravska,2015,152,4.0
LENART,Podravska,2016,181,3.6
LENART,Podravska,2017,157,5.0
LENART,Podravska,2018,164,6.3
LENART,Podravska,2019,153,6.1
LENART,Podravska,2020,124,3.2
LENDAVA,Pomurska,2012,133,1.8
LENDAVA,Pomurska,2013,136,1.4
LENDAVA,Pomurska,2014,157,-0.1
LENDAVA,Pomurska,2015,147,-0.1
LENDAVA,Pomurska,2016,184,4.4
LENDAVA,Pomurska,2017,151,3.0
LENDAVA,Pomurska,2018,140,3.3
LENDAVA,Pomurska,2019,146,2.8
LENDAVA,Pomurska,2020,174,-0.1
LITIJA,Zasavska,2012,154,1.0
LITIJA,Zasavska,2013,150,2.2
LITIJA,Zasavska,2014,141,0.3
LITIJA,Zasavska,2015,125,1.3
LITIJA,Zasavska,2016,130,1.4
LITIJA,Zasavska,2017,130,1.8
LITIJA,Zasavska,2018,133,3.4
LITIJA,Zasavska,2019,131,0.1
LITIJA,Zasavska,2020,141,-0.9
LJUBLJANA,Osrednjeslovenska,2012,133,4.8
LJUBLJANA,Osrednjeslovenska,2013,133,4.3
LJUBLJANA,Osrednjeslovenska,2014,132,2.9
LJUBLJANA,Osrednjeslovenska,2015,131,3.2
LJUBLJANA,Osrednjeslovenska,2016,129,2.8
LJUBLJANA,Osrednjeslovenska,2017,131,1.6
LJUBLJANA,Osrednjeslovenska,2018,129,2.0
LJUBLJANA,Osrednjeslovenska,2019,129,1.2
LJUBLJANA,Osrednjeslovenska,2020,129,-0.7
LJUBNO,Savinjska,2012,154,2.9
LJUBNO,Savinjska,2013,224,4.7
LJUBNO,Savinjska,2014,200,6.9
LJUBNO,Savinjska,2015,170,8.6
LJUBNO,Savinjska,2016,173,11.7
LJUBNO,Savinjska,2017,151,8.2
LJUBNO,Savinjska,2018,174,11.3
LJUBNO,Savinjska,2019,143,10.8
LJUBNO,Savinjska,2020,125,3.2
LJUTOMER,Pomurska,2012,148,2.8
LJUTOMER,Pomurska,2013,157,3.0
LJUTOMER,Pomurska,2014,142,2.7
LJUTOMER,Pomurska,2015,152,2.8
LJUTOMER,Pomurska,2016,155,4.8
LJUTOMER,Pomurska,2017,148,6.4
LJUTOMER,Pomurska,2018,146,8.7
LJUTOMER,Pomurska,2019,139,7.5
LJUTOMER,Pomurska,2020,136,1.2
LOG - DRAGOMER,Osrednjeslovenska,2012,118,6.6
LOG - DRAGOMER,Osrednjeslovenska,2013,133,9.4
LOG - DRAGOMER,Osrednjeslovenska,2014,138,10.9
LOG - DRAGOMER,Osrednjeslovenska,2015,108,9.2
LOG - DRAGOMER,Osrednjeslovenska,2016,106,9.9
LOG - DRAGOMER,Osrednjeslovenska,2017,104,8.7
LOG - DRAGOMER,Osrednjeslovenska,2018,100,10.7
LOG - DRAGOMER,Osrednjeslovenska,2019,136,11.2
LOG - DRAGOMER,Osrednjeslovenska,2020,146,7.4
LOGATEC,Osrednjeslovenska,2012,142,5.6
LOGATEC,Osrednjeslovenska,2013,160,7.4
LOGATEC,Osrednjeslovenska,2014,161,6.5
LOGATEC,Osrednjeslovenska,2015,145,7.6
LOGATEC,Osrednjeslovenska,2016,149,6.7
LOGATEC,Osrednjeslovenska,2017,148,6.0
LOGATEC,Osrednjeslovenska,2018,146,8.1
LOGATEC,Osrednjeslovenska,2019,146,7.0
LOGATEC,Osrednjeslovenska,2020,142,3.9
LOŠKA DOLINA,Primorsko-notranjska,2012,176,9.5
LOŠKA DOLINA,Primorsko-notranjska,2013,176,10.9
LOŠKA DOLINA,Primorsko-notranjska,2014,211,9.5
LOŠKA DOLINA,Primorsko-notranjska,2015,163,9.7
LOŠKA DOLINA,Primorsko-notranjska,2016,151,11.7
LOŠKA DOLINA,Primorsko-notranjska,2017,143,10.4
LOŠKA DOLINA,Primorsko-notranjska,2018,148,10.9
LOŠKA DOLINA,Primorsko-notranjska,2019,165,7.2
LOŠKA DOLINA,Primorsko-notranjska,2020,202,2.3
LOŠKI POTOK,Jugovzhodna Slovenija,2012,159,6.0
LOŠKI POTOK,Jugovzhodna Slovenija,2013,144,3.1
LOŠKI POTOK,Jugovzhodna Slovenija,2014,147,8.6
LOŠKI POTOK,Jugovzhodna Slovenija,2015,143,9.9
LOŠKI POTOK,Jugovzhodna Slovenija,2016,136,10.5
LOŠKI POTOK,Jugovzhodna Slovenija,2017,150,8.4
LOŠKI POTOK,Jugovzhodna Slovenija,2018,100,10.5
LOŠKI POTOK,Jugovzhodna Slovenija,2019,125,11.5
LOŠKI POTOK,Jugovzhodna Slovenija,2020,114,5.5
LOVRENC NA POHORJU,Podravska,2012,155,3.9
LOVRENC NA POHORJU,Podravska,2013,142,3.8
LOVRENC NA POHORJU,Podravska,2014,131,5.9
LOVRENC NA POHORJU,Podravska,2015,98,4.7
LOVRENC NA POHORJU,Podravska,2016,115,6.5
LOVRENC NA POHORJU,Podravska,2017,126,8.9
LOVRENC NA POHORJU,Podravska,2018,130,9.6
LOVRENC NA POHORJU,Podravska,2019,126,12.6
LOVRENC NA POHORJU,Podravska,2020,139,9.8
LUČE,Savinjska,2012,226,2.3
LUČE,Savinjska,2013,257,6.4
LUČE,Savinjska,2014,215,5.2
LUČE,Savinjska,2015,215,7.0
LUČE,Savinjska,2016,229,5.2
LUČE,Savinjska,2017,186,9.2
LUČE,Savinjska,2018,153,4.3
LUČE,Savinjska,2019,122,6.1
LUČE,Savinjska,2020,113,0.8
LUKOVICA,Osrednjeslovenska,2012,140,3.2
LUKOVICA,Osrednjeslovenska,2013,156,5.0
LUKOVICA,Osrednjeslovenska,2014,158,4.8
LUKOVICA,Osrednjeslovenska,2015,154,5.5
LUKOVICA,Osrednjeslovenska,2016,169,4.5
LUKOVICA,Osrednjeslovenska,2017,161,4.2
LUKOVICA,Osrednjeslovenska,2018,141,4.7
LUKOVICA,Osrednjeslovenska,2019,131,2.6
LUKOVICA,Osrednjeslovenska,2020,156,3.9
MAJŠPERK,Podravska,2012,163,10.8
MAJŠPERK,Podravska,2013,142,11.9
MAJŠPERK,Podravska,2014,156,12.7
MAJŠPERK,Podravska,2015,151,14.3
MAJŠPERK,Podravska,2016,150,13.4
MAJŠPERK,Podravska,2017,151,15.2
MAJŠPERK,Podravska,2018,172,16.7
MAJŠPERK,Podravska,2019,137,15.6
MAJŠPERK,Podravska,2020,150,9.4
MAKOLE,Podravska,2012,207,13.4
MAKOLE,Podravska,2013,158,14.6
MAKOLE,Podravska,2014,150,17.3
MAKOLE,Podravska,2015,125,18.3
MAKOLE,Podravska,2016,134,19.2
MAKOLE,Podravska,2017,154,20.3
MAKOLE,Podravska,2018,113,20.1
MAKOLE,Podravska,2019,139,14.6
MAKOLE,Podravska,2020,131,3.7
MARIBOR,Podravska,2012,131,4.2
MARIBOR,Podravska,2013,131,5.0
MARIBOR,Podravska,2014,128,4.8
MARIBOR,Podravska,2015,126,5.3
MARIBOR,Podravska,2016,123,4.8
MARIBOR,Podravska,2017,126,4.4
MARIBOR,Podravska,2018,125,6.0
MARIBOR,Podravska,2019,125,4.6
MARIBOR,Podravska,2020,128,0.7
MARKOVCI,Podravska,2012,155,7.6
MARKOVCI,Podravska,2013,159,7.1
MARKOVCI,Podravska,2014,156,10.5
MARKOVCI,Podravska,2015,196,6.9
MARKOVCI,Podravska,2016,176,9.6
MARKOVCI,Podravska,2017,150,11.3
MARKOVCI,Podravska,2018,120,18.1
MARKOVCI,Podravska,2019,139,16.9
MARKOVCI,Podravska,2020,153,9.6
MEDVODE,Osrednjeslovenska,2012,122,7.6
MEDVODE,Osrednjeslovenska,2013,136,8.5
MEDVODE,Osrednjeslovenska,2014,130,7.0
MEDVODE,Osrednjeslovenska,2015,135,6.8
MEDVODE,Osrednjeslovenska,2016,129,6.8
MEDVODE,Osrednjeslovenska,2017,145,6.3
MEDVODE,Osrednjeslovenska,2018,143,8.0
MEDVODE,Osrednjeslovenska,2019,130,6.5
MEDVODE,Osrednjeslovenska,2020,130,4.8
MENGEŠ,Osrednjeslovenska,2012,153,3.2
MENGEŠ,Osrednjeslovenska,2013,169,6.9
MENGEŠ,Osrednjeslovenska,2014,176,5.5
MENGEŠ,Osrednjeslovenska,2015,138,4.6
MENGEŠ,Osrednjeslovenska,2016,139,7.5
MENGEŠ,Osrednjeslovenska,2017,125,6.4
MENGEŠ,Osrednjeslovenska,2018,124,8.6
MENGEŠ,Osrednjeslovenska,2019,125,6.7
MENGEŠ,Osrednjeslovenska,2020,140,1.4
METLIKA,Jugovzhodna Slovenija,2012,115,6.6
METLIKA,Jugovzhodna Slovenija,2013,117,8.6
METLIKA,Jugovzhodna Slovenija,2014,121,5.8
METLIKA,Jugovzhodna Slovenija,2015,118,8.0
METLIKA,Jugovzhodna Slovenija,2016,112,6.8
METLIKA,Jugovzhodna Slovenija,2017,124,8.1
METLIKA,Jugovzhodna Slovenija,2018,107,7.2
METLIKA,Jugovzhodna Slovenija,2019,117,7.4
METLIKA,Jugovzhodna Slovenija,2020,134,2.5
MEŽICA,Koroška,2012,120,2.6
MEŽICA,Koroška,2013,103,5.5
MEŽICA,Koroška,2014,111,7.6
MEŽICA,Koroška,2015,90,10.2
MEŽICA,Koroška,2016,80,8.7
MEŽICA,Koroška,2017,93,8.9
MEŽICA,Koroška,2018,104,7.9
MEŽICA,Koroška,2019,125,9.6
MEŽICA,Koroška,2020,141,3.0
MIKLAVŽ NA DRAVSKEM POLJU,Podravska,2012,122,7.6
MIKLAVŽ NA DRAVSKEM POLJU,Podravska,2013,130,10.1
MIKLAVŽ NA DRAVSKEM POLJU,Podravska,2014,111,9.8
MIKLAVŽ NA DRAVSKEM POLJU,Podravska,2015,110,9.4
MIKLAVŽ NA DRAVSKEM POLJU,Podravska,2016,122,9.5
MIKLAVŽ NA DRAVSKEM POLJU,Podravska,2017,110,9.5
MIKLAVŽ NA DRAVSKEM POLJU,Podravska,2018,101,12.1
MIKLAVŽ NA DRAVSKEM POLJU,Podravska,2019,119,11.9
MIKLAVŽ NA DRAVSKEM POLJU,Podravska,2020,102,4.7
MIREN - KOSTANJEVICA,Goriška,2012,152,8.9
MIREN - KOSTANJEVICA,Goriška,2013,142,9.8
MIREN - KOSTANJEVICA,Goriška,2014,136,9.7
MIREN - KOSTANJEVICA,Goriška,2015,117,10.2
MIREN - KOSTANJEVICA,Goriška,2016,136,10.4
MIREN - KOSTANJEVICA,Goriška,2017,107,11.3
MIREN - KOSTANJEVICA,Goriška,2018,112,12.6
MIREN - KOSTANJEVICA,Goriška,2019,120,11.1
MIREN - KOSTANJEVICA,Goriška,2020,144,3.8
MIRNA,Jugovzhodna Slovenija,2012,147,0.8
MIRNA,Jugovzhodna Slovenija,2013,145,3.4
MIRNA,Jugovzhodna Slovenija,2014,141,2.8
MIRNA,Jugovzhodna Slovenija,2015,135,4.8
MIRNA,Jugovzhodna Slovenija,2016,132,3.7
MIRNA,Jugovzhodna Slovenija,2017,162,4.3
MIRNA,Jugovzhodna Slovenija,2018,144,4.1
MIRNA,Jugovzhodna Slovenija,2019,112,3.1
MIRNA,Jugovzhodna Slovenija,2020,107,0.8
MIRNA PEČ,Jugovzhodna Slovenija,2012,91,9.8
MIRNA PEČ,Jugovzhodna Slovenija,2013,92,9.8
MIRNA PEČ,Jugovzhodna Slovenija,2014,90,13.0
MIRNA PEČ,Jugovzhodna Slovenija,2015,105,14.1
MIRNA PEČ,Jugovzhodna Slovenija,2016,131,14.3
MIRNA PEČ,Jugovzhodna Slovenija,2017,122,16.3
MIRNA PEČ,Jugovzhodna Slovenija,2018,149,16.4
MIRNA PEČ,Jugovzhodna Slovenija,2019,145,12.8
MIRNA PEČ,Jugovzhodna Slovenija,2020,160,9.0
MISLINJA,Koroška,2012,145,12.5
MISLINJA,Koroška,2013,149,13.8
MISLINJA,Koroška,2014,136,13.7
MISLINJA,Koroška,2015,165,14.9
MISLINJA,Koroška,2016,132,14.4
MISLINJA,Koroška,2017,123,14.8
MISLINJA,Koroška,2018,121,16.6
MISLINJA,Koroška,2019,151,16.3
MISLINJA,Koroška,2020,153,13.7
MOKRONOG - TREBELNO,Jugovzhodna Slovenija,2012,181,-0.1
MOKRONOG - TREBELNO,Jugovzhodna Slovenija,2013,175,3.5
MOKRONOG - TREBELNO,Jugovzhodna Slovenija,2014,195,5.2
MOKRONOG - TREBELNO,Jugovzhodna Slovenija,2015,152,4.4
MOKRONOG - TREBELNO,Jugovzhodna Slovenija,2016,133,3.7
MOKRONOG - TREBELNO,Jugovzhodna Slovenija,2017,136,5.1
MOKRONOG - TREBELNO,Jugovzhodna Slovenija,2018,175,6.9
MOKRONOG - TREBELNO,Jugovzhodna Slovenija,2019,138,5.0
MOKRONOG - TREBELNO,Jugovzhodna Slovenija,2020,130,1.6
MORAVČE,Osrednjeslovenska,2012,156,11.5
MORAVČE,Osrednjeslovenska,2013,167,10.7
MORAVČE,Osrednjeslovenska,2014,184,9.0
MORAVČE,Osrednjeslovenska,2015,206,10.0
MORAVČE,Osrednjeslovenska,2016,185,9.8
MORAVČE,Osrednjeslovenska,2017,191,13.3
MORAVČE,Osrednjeslovenska,2018,176,10.5
MORAVČE,Osrednjeslovenska,2019,158,10.9
MORAVČE,Osrednjeslovenska,2020,201,7.1
MORAVSKE TOPLICE,Pomurska,2012,98,5.1
MORAVSKE TOPLICE,Pomurska,2013,107,4.1
MORAVSKE TOPLICE,Pomurska,2014,97,6.2
MORAVSKE TOPLICE,Pomurska,2015,106,6.1
MORAVSKE TOPLICE,Pomurska,2016,106,7.6
MORAVSKE TOPLICE,Pomurska,2017,119,11.5
MORAVSKE TOPLICE,Pomurska,2018,128,9.5
MORAVSKE TOPLICE,Pomurska,2019,113,10.2
MORAVSKE TOPLICE,Pomurska,2020,130,3.1
MOZIRJE,Savinjska,2012,142,9.9
MOZIRJE,Savinjska,2013,137,10.2
MOZIRJE,Savinjska,2014,141,8.9
MOZIRJE,Savinjska,2015,132,7.3
MOZIRJE,Savinjska,2016,142,10.2
MOZIRJE,Savinjska,2017,143,8.9
MOZIRJE,Savinjska,2018,117,9.0
MOZIRJE,Savinjska,2019,128,10.0
MOZIRJE,Savinjska,2020,134,7.5
MURSKA SOBOTA,Pomurska,2012,120,4.9
MURSKA SOBOTA,Pomurska,2013,123,4.4
MURSKA SOBOTA,Pomurska,2014,127,3.5
MURSKA SOBOTA,Pomurska,2015,133,4.3
MURSKA SOBOTA,Pomurska,2016,135,8.1
MURSKA SOBOTA,Pomurska,2017,125,8.0
MURSKA SOBOTA,Pomurska,2018,124,9.2
MURSKA SOBOTA,Pomurska,2019,128,7.8
MURSKA SOBOTA,Pomurska,2020,123,6.2
MUTA,Koroška,2012,133,2.3
MUTA,Koroška,2013,148,1.5
MUTA,Koroška,2014,179,4.3
MUTA,Koroška,2015,162,5.3
MUTA,Koroška,2016,168,7.5
MUTA,Koroška,2017,178,9.8
MUTA,Koroška,2018,231,10.7
MUTA,Koroška,2019,206,10.3
MUTA,Koroška,2020,229,6.9
"NAKLO",Gorenjska,2012,111,6.4
"NAKLO",Gorenjska,2013,106,6.8
"NAKLO",Gorenjska,2014,116,10.4
"NAKLO",Gorenjska,2015,128,10.4
"NAKLO",Gorenjska,2016,127,9.5
"NAKLO",Gorenjska,2017,120,7.7
"NAKLO",Gorenjska,2018,109,9.6
"NAKLO",Gorenjska,2019,108,5.3
"NAKLO",Gorenjska,2020,127,3.6
"NAZARJE",Savinjska,2012,143,1.4
"NAZARJE",Savinjska,2013,148,1.9
"NAZARJE",Savinjska,2014,187,3.5
"NAZARJE",Savinjska,2015,172,2.5
"NAZARJE",Savinjska,2016,142,4.7
"NAZARJE",Savinjska,2017,168,3.9
"NAZARJE",Savinjska,2018,155,4.5
"NAZARJE",Savinjska,2019,116,5.9
"NAZARJE",Savinjska,2020,98,-0.1
NOVA GORICA,Goriška,2012,138,6.4
NOVA GORICA,Goriška,2013,143,7.0
NOVA GORICA,Goriška,2014,144,6.7
NOVA GORICA,Goriška,2015,145,7.8
NOVA GORICA,Goriška,2016,150,7.7
NOVA GORICA,Goriška,2017,138,6.4
NOVA GORICA,Goriška,2018,140,7.7
NOVA GORICA,Goriška,2019,134,5.6
NOVA GORICA,Goriška,2020,140,0.7
NOVO MESTO,Jugovzhodna Slovenija,2012,121,1.9
NOVO MESTO,Jugovzhodna Slovenija,2013,125,2.1
NOVO MESTO,Jugovzhodna Slovenija,2014,130,2.7
NOVO MESTO,Jugovzhodna Slovenija,2015,123,2.3
NOVO MESTO,Jugovzhodna Slovenija,2016,127,2.9
NOVO MESTO,Jugovzhodna Slovenija,2017,132,4.3
NOVO MESTO,Jugovzhodna Slovenija,2018,118,3.8
NOVO MESTO,Jugovzhodna Slovenija,2019,121,0.5
NOVO MESTO,Jugovzhodna Slovenija,2020,124,-2.8
ODRANCI,Pomurska,2012,229,12.9
ODRANCI,Pomurska,2013,236,12.4
ODRANCI,Pomurska,2014,233,12.6
ODRANCI,Pomurska,2015,256,11.4
ODRANCI,Pomurska,2016,214,16.1
ODRANCI,Pomurska,2017,144,12.6
ODRANCI,Pomurska,2018,161,10.7
ODRANCI,Pomurska,2019,213,11.8
ODRANCI,Pomurska,2020,213,9.8
OPLOTNICA,Podravska,2012,129,9.0
OPLOTNICA,Podravska,2013,121,11.6
OPLOTNICA,Podravska,2014,119,11.7
OPLOTNICA,Podravska,2015,120,8.2
OPLOTNICA,Podravska,2016,104,8.5
OPLOTNICA,Podravska,2017,117,12.1
OPLOTNICA,Podravska,2018,122,15.5
OPLOTNICA,Podravska,2019,125,13.6
OPLOTNICA,Podravska,2020,108,7.2
ORMOŽ,Podravska,2012,155,5.0
ORMOŽ,Podravska,2013,157,3.4
ORMOŽ,Podravska,2014,159,6.6
ORMOŽ,Podravska,2015,155,7.6
ORMOŽ,Podravska,2016,150,6.8
ORMOŽ,Podravska,2017,165,7.3
ORMOŽ,Podravska,2018,171,10.4
ORMOŽ,Podravska,2019,148,11.1
ORMOŽ,Podravska,2020,172,1.3
OSILNICA,Jugovzhodna Slovenija,2012,200,-0.5
OSILNICA,Jugovzhodna Slovenija,2013,150,-13.9
OSILNICA,Jugovzhodna Slovenija,2014,167,-3.5
OSILNICA,Jugovzhodna Slovenija,2015,100,-4.6
OSILNICA,Jugovzhodna Slovenija,2016,75,4.0
OSILNICA,Jugovzhodna Slovenija,2017,NA,-7.4
OSILNICA,Jugovzhodna Slovenija,2018,NA,-3.1
OSILNICA,Jugovzhodna Slovenija,2019,NA,-4.5
OSILNICA,Jugovzhodna Slovenija,2020,500,-20.6
PESNICA,Podravska,2012,151,7.0
PESNICA,Podravska,2013,152,7.9
PESNICA,Podravska,2014,134,6.1
PESNICA,Podravska,2015,145,7.6
PESNICA,Podravska,2016,128,7.4
PESNICA,Podravska,2017,120,7.4
PESNICA,Podravska,2018,137,10.2
PESNICA,Podravska,2019,139,9.0
PESNICA,Podravska,2020,128,2.6
PIRAN,Obalno-kraška,2012,135,18.6
PIRAN,Obalno-kraška,2013,131,15.2
PIRAN,Obalno-kraška,2014,134,12.9
PIRAN,Obalno-kraška,2015,137,13.9
PIRAN,Obalno-kraška,2016,138,14.1
PIRAN,Obalno-kraška,2017,128,14.6
PIRAN,Obalno-kraška,2018,134,11.7
PIRAN,Obalno-kraška,2019,138,10.9
PIRAN,Obalno-kraška,2020,132,6.6
PIVKA,Primorsko-notranjska,2012,191,3.9
PIVKA,Primorsko-notranjska,2013,170,6.8
PIVKA,Primorsko-notranjska,2014,190,6.9
PIVKA,Primorsko-notranjska,2015,214,9.5
PIVKA,Primorsko-notranjska,2016,179,9.6
PIVKA,Primorsko-notranjska,2017,166,10.8
PIVKA,Primorsko-notranjska,2018,153,10.7
PIVKA,Primorsko-notranjska,2019,141,8.3
PIVKA,Primorsko-notranjska,2020,156,6.0
PODČETRTEK,Savinjska,2012,168,-0.5
PODČETRTEK,Savinjska,2013,184,-1.7
PODČETRTEK,Savinjska,2014,178,0.7
PODČETRTEK,Savinjska,2015,169,2.4
PODČETRTEK,Savinjska,2016,161,2.2
PODČETRTEK,Savinjska,2017,163,5.5
PODČETRTEK,Savinjska,2018,156,6.7
PODČETRTEK,Savinjska,2019,167,6.1
PODČETRTEK,Savinjska,2020,159,4.7
PODLEHNIK,Podravska,2012,170,7.3
PODLEHNIK,Podravska,2013,170,8.9
PODLEHNIK,Podravska,2014,167,11.2
PODLEHNIK,Podravska,2015,121,11.6
PODLEHNIK,Podravska,2016,114,13.0
PODLEHNIK,Podravska,2017,189,13.4
PODLEHNIK,Podravska,2018,121,15.7
PODLEHNIK,Podravska,2019,188,13.4
PODLEHNIK,Podravska,2020,236,8.0
PODVELKA,Koroška,2012,132,-1.8
PODVELKA,Koroška,2013,90,-1.0
PODVELKA,Koroška,2014,116,0.5
PODVELKA,Koroška,2015,97,-2.4
PODVELKA,Koroška,2016,100,3.7
PODVELKA,Koroška,2017,97,0.1
PODVELKA,Koroška,2018,103,6.9
PODVELKA,Koroška,2019,115,7.2
PODVELKA,Koroška,2020,112,0.2
POLJČANE,Podravska,2012,152,11.4
POLJČANE,Podravska,2013,151,12.5
POLJČANE,Podravska,2014,161,12.6
POLJČANE,Podravska,2015,168,12.1
POLJČANE,Podravska,2016,174,12.3
POLJČANE,Podravska,2017,152,14.2
POLJČANE,Podravska,2018,142,16.1
POLJČANE,Podravska,2019,160,13.8
POLJČANE,Podravska,2020,157,7.9
POLZELA,Savinjska,2012,145,8.2
POLZELA,Savinjska,2013,138,11.4
POLZELA,Savinjska,2014,119,10.9
POLZELA,Savinjska,2015,125,14.2
POLZELA,Savinjska,2016,126,11.0
POLZELA,Savinjska,2017,118,14.3
POLZELA,Savinjska,2018,118,15.8
POLZELA,Savinjska,2019,142,13.2
POLZELA,Savinjska,2020,174,11.5
POSTOJNA,Primorsko-notranjska,2012,166,7.0
POSTOJNA,Primorsko-notranjska,2013,163,6.0
POSTOJNA,Primorsko-notranjska,2014,180,7.3
POSTOJNA,Primorsko-notranjska,2015,150,7.2
POSTOJNA,Primorsko-notranjska,2016,144,5.7
POSTOJNA,Primorsko-notranjska,2017,145,6.5
POSTOJNA,Primorsko-notranjska,2018,140,7.5
POSTOJNA,Primorsko-notranjska,2019,143,4.6
POSTOJNA,Primorsko-notranjska,2020,147,2.1
PREBOLD,Savinjska,2012,153,9.2
PREBOLD,Savinjska,2013,165,9.3
PREBOLD,Savinjska,2014,150,6.6
PREBOLD,Savinjska,2015,136,8.6
PREBOLD,Savinjska,2016,115,6.0
PREBOLD,Savinjska,2017,101,7.2
PREBOLD,Savinjska,2018,119,9.5
PREBOLD,Savinjska,2019,115,7.7
PREBOLD,Savinjska,2020,134,3.0
PREDDVOR,Gorenjska,2012,155,6.4
PREDDVOR,Gorenjska,2013,185,9.8
PREDDVOR,Gorenjska,2014,180,8.6
PREDDVOR,Gorenjska,2015,160,12.6
PREDDVOR,Gorenjska,2016,136,14.5
PREDDVOR,Gorenjska,2017,128,12.6
PREDDVOR,Gorenjska,2018,188,12.6
PREDDVOR,Gorenjska,2019,206,10.4
PREDDVOR,Gorenjska,2020,170,6.3
PREVALJE,Koroška,2012,128,7.4
PREVALJE,Koroška,2013,136,7.0
PREVALJE,Koroška,2014,132,6.6
PREVALJE,Koroška,2015,122,9.5
PREVALJE,Koroška,2016,119,12.5
PREVALJE,Koroška,2017,127,13.8
PREVALJE,Koroška,2018,113,15.0
PREVALJE,Koroška,2019,100,11.1
PREVALJE,Koroška,2020,108,7.4
PTUJ,Podravska,2012,117,6.0
PTUJ,Podravska,2013,123,5.9
PTUJ,Podravska,2014,120,7.8
PTUJ,Podravska,2015,117,8.6
PTUJ,Podravska,2016,127,8.1
PTUJ,Podravska,2017,125,9.6
PTUJ,Podravska,2018,128,9.6
PTUJ,Podravska,2019,134,8.4
PTUJ,Podravska,2020,129,3.1
PUCONCI,Pomurska,2012,159,8.0
PUCONCI,Pomurska,2013,148,9.5
PUCONCI,Pomurska,2014,146,7.1
PUCONCI,Pomurska,2015,128,7.4
PUCONCI,Pomurska,2016,130,12.0
PUCONCI,Pomurska,2017,132,10.8
PUCONCI,Pomurska,2018,148,14.9
PUCONCI,Pomurska,2019,149,13.2
PUCONCI,Pomurska,2020,169,8.8
RAČE - FRAM,Podravska,2012,133,-0.4
RAČE - FRAM,Podravska,2013,124,0.9
RAČE - FRAM,Podravska,2014,121,2.3
RAČE - FRAM,Podravska,2015,108,2.2
RAČE - FRAM,Podravska,2016,117,3.8
RAČE - FRAM,Podravska,2017,108,6.2
RAČE - FRAM,Podravska,2018,111,7.1
RAČE - FRAM,Podravska,2019,119,6.5
RAČE - FRAM,Podravska,2020,137,3.4
RADEČE,Posavska,2012,125,7.0
RADEČE,Posavska,2013,140,7.5
RADEČE,Posavska,2014,168,6.1
RADEČE,Posavska,2015,171,4.6
RADEČE,Posavska,2016,162,5.7
RADEČE,Posavska,2017,153,7.5
RADEČE,Posavska,2018,120,5.8
RADEČE,Posavska,2019,99,6.1
RADEČE,Posavska,2020,98,3.9
RADENCI,Pomurska,2012,131,6.2
RADENCI,Pomurska,2013,114,6.9
RADENCI,Pomurska,2014,120,6.4
RADENCI,Pomurska,2015,109,5.8
RADENCI,Pomurska,2016,130,6.2
RADENCI,Pomurska,2017,116,5.1
RADENCI,Pomurska,2018,150,6.4
RADENCI,Pomurska,2019,146,6.4
RADENCI,Pomurska,2020,138,-1.5
RADLJE OB DRAVI,Koroška,2012,134,3.9
RADLJE OB DRAVI,Koroška,2013,146,5.2
RADLJE OB DRAVI,Koroška,2014,136,7.2
RADLJE OB DRAVI,Koroška,2015,135,7.2
RADLJE OB DRAVI,Koroška,2016,114,8.1
RADLJE OB DRAVI,Koroška,2017,113,8.1
RADLJE OB DRAVI,Koroška,2018,137,11.8
RADLJE OB DRAVI,Koroška,2019,160,9.5
RADLJE OB DRAVI,Koroška,2020,140,5.6
RADOVLJICA,Gorenjska,2012,130,6.6
RADOVLJICA,Gorenjska,2013,137,10.4
RADOVLJICA,Gorenjska,2014,154,9.1
RADOVLJICA,Gorenjska,2015,142,9.5
RADOVLJICA,Gorenjska,2016,134,8.9
RADOVLJICA,Gorenjska,2017,125,8.0
RADOVLJICA,Gorenjska,2018,136,9.8
RADOVLJICA,Gorenjska,2019,142,9.2
RADOVLJICA,Gorenjska,2020,142,7.1
RAVNE NA KOROŠKEM,Koroška,2012,111,1.8
RAVNE NA KOROŠKEM,Koroška,2013,113,1.3
RAVNE NA KOROŠKEM,Koroška,2014,131,1.4
RAVNE NA KOROŠKEM,Koroška,2015,115,5.1
RAVNE NA KOROŠKEM,Koroška,2016,119,6.9
RAVNE NA KOROŠKEM,Koroška,2017,123,7.9
RAVNE NA KOROŠKEM,Koroška,2018,132,9.9
RAVNE NA KOROŠKEM,Koroška,2019,117,8.7
RAVNE NA KOROŠKEM,Koroška,2020,113,6.1
RAZKRIŽJE,Pomurska,2012,129,10.3
RAZKRIŽJE,Pomurska,2013,152,10.5
RAZKRIŽJE,Pomurska,2014,171,8.0
RAZKRIŽJE,Pomurska,2015,163,12.9
RAZKRIŽJE,Pomurska,2016,119,14.3
RAZKRIŽJE,Pomurska,2017,143,13.2
RAZKRIŽJE,Pomurska,2018,146,15.1
RAZKRIŽJE,Pomurska,2019,114,15.8
RAZKRIŽJE,Pomurska,2020,158,4.4
REČICA OB SAVINJI,Savinjska,2012,134,-3.0
REČICA OB SAVINJI,Savinjska,2013,138,1.8
REČICA OB SAVINJI,Savinjska,2014,200,3.5
REČICA OB SAVINJI,Savinjska,2015,176,3.9
REČICA OB SAVINJI,Savinjska,2016,227,2.3
REČICA OB SAVINJI,Savinjska,2017,171,1.2
REČICA OB SAVINJI,Savinjska,2018,193,2.8
REČICA OB SAVINJI,Savinjska,2019,140,-2.1
REČICA OB SAVINJI,Savinjska,2020,143,-5.1
RENČE - VOGRSKO,Goriška,2012,144,5.8
RENČE - VOGRSKO,Goriška,2013,133,9.1
RENČE - VOGRSKO,Goriška,2014,132,6.2
RENČE - VOGRSKO,Goriška,2015,148,6.6
RENČE - VOGRSKO,Goriška,2016,115,4.2
RENČE - VOGRSKO,Goriška,2017,112,4.7
RENČE - VOGRSKO,Goriška,2018,134,7.9
RENČE - VOGRSKO,Goriška,2019,116,6.9
RENČE - VOGRSKO,Goriška,2020,110,-0.6
RIBNICA,Jugovzhodna Slovenija,2012,152,3.8
RIBNICA,Jugovzhodna Slovenija,2013,143,2.3
RIBNICA,Jugovzhodna Slovenija,2014,156,3.3
RIBNICA,Jugovzhodna Slovenija,2015,152,4.0
RIBNICA,Jugovzhodna Slovenija,2016,148,4.7
RIBNICA,Jugovzhodna Slovenija,2017,160,4.3
RIBNICA,Jugovzhodna Slovenija,2018,172,7.4
RIBNICA,Jugovzhodna Slovenija,2019,148,5.4
RIBNICA,Jugovzhodna Slovenija,2020,158,1.6
RIBNICA NA POHORJU,Koroška,2012,146,-10.2
RIBNICA NA POHORJU,Koroška,2013,155,-9.3
RIBNICA NA POHORJU,Koroška,2014,113,-4.9
RIBNICA NA POHORJU,Koroška,2015,111,-6.0
RIBNICA NA POHORJU,Koroška,2016,105,2.3
RIBNICA NA POHORJU,Koroška,2017,154,0.7
RIBNICA NA POHORJU,Koroška,2018,143,8.5
RIBNICA NA POHORJU,Koroška,2019,119,6.5
RIBNICA NA POHORJU,Koroška,2020,118,3.7
ROGAŠKA SLATINA,Savinjska,2012,130,-0.1
ROGAŠKA SLATINA,Savinjska,2013,129,0.7
ROGAŠKA SLATINA,Savinjska,2014,136,0.2
ROGAŠKA SLATINA,Savinjska,2015,145,1.7
ROGAŠKA SLATINA,Savinjska,2016,127,0.8
ROGAŠKA SLATINA,Savinjska,2017,125,-0.1
ROGAŠKA SLATINA,Savinjska,2018,125,3.5
ROGAŠKA SLATINA,Savinjska,2019,135,3.1
ROGAŠKA SLATINA,Savinjska,2020,115,-2.0
ROGAŠOVCI,Pomurska,2012,186,-1.7
ROGAŠOVCI,Pomurska,2013,173,1.6
ROGAŠOVCI,Pomurska,2014,180,-1.7
ROGAŠOVCI,Pomurska,2015,174,-0.7
ROGAŠOVCI,Pomurska,2016,189,2.0
ROGAŠOVCI,Pomurska,2017,185,3.8
ROGAŠOVCI,Pomurska,2018,161,2.2
ROGAŠOVCI,Pomurska,2019,146,3.5
ROGAŠOVCI,Pomurska,2020,159,-1.1
ROGATEC,Savinjska,2012,123,2.3
ROGATEC,Savinjska,2013,124,3.5
ROGATEC,Savinjska,2014,125,4.9
ROGATEC,Savinjska,2015,106,3.9
ROGATEC,Savinjska,2016,129,5.2
ROGATEC,Savinjska,2017,153,7.0
ROGATEC,Savinjska,2018,189,9.2
ROGATEC,Savinjska,2019,192,6.9
ROGATEC,Savinjska,2020,174,3.6
RUŠE,Podravska,2012,105,9.2
RUŠE,Podravska,2013,106,8.6
RUŠE,Podravska,2014,113,9.7
RUŠE,Podravska,2015,133,8.7
RUŠE,Podravska,2016,126,9.6
RUŠE,Podravska,2017,112,8.7
RUŠE,Podravska,2018,108,11.7
RUŠE,Podravska,2019,93,11.1
RUŠE,Podravska,2020,101,6.7
SELNICA OB DRAVI,Podravska,2012,168,4.5
SELNICA OB DRAVI,Podravska,2013,175,8.3
SELNICA OB DRAVI,Podravska,2014,167,7.8
SELNICA OB DRAVI,Podravska,2015,162,8.1
SELNICA OB DRAVI,Podravska,2016,156,7.7
SELNICA OB DRAVI,Podravska,2017,160,9.4
SELNICA OB DRAVI,Podravska,2018,159,8.7
SELNICA OB DRAVI,Podravska,2019,175,8.8
SELNICA OB DRAVI,Podravska,2020,163,2.6
SEMIČ,Jugovzhodna Slovenija,2012,122,1.3
SEMIČ,Jugovzhodna Slovenija,2013,119,7.1
SEMIČ,Jugovzhodna Slovenija,2014,141,8.9
SEMIČ,Jugovzhodna Slovenija,2015,143,8.8
SEMIČ,Jugovzhodna Slovenija,2016,190,10.5
SEMIČ,Jugovzhodna Slovenija,2017,161,11.1
SEMIČ,Jugovzhodna Slovenija,2018,147,9.5
SEMIČ,Jugovzhodna Slovenija,2019,178,8.9
SEMIČ,Jugovzhodna Slovenija,2020,160,4.2
SEVNICA,Posavska,2012,143,1.7
SEVNICA,Posavska,2013,138,2.6
SEVNICA,Posavska,2014,132,4.3
SEVNICA,Posavska,2015,132,5.2
SEVNICA,Posavska,2016,128,4.3
SEVNICA,Posavska,2017,116,6.4
SEVNICA,Posavska,2018,119,7.3
SEVNICA,Posavska,2019,128,6.9
SEVNICA,Posavska,2020,134,2.5
SEŽANA,Obalno-kraška,2012,131,5.0
SEŽANA,Obalno-kraška,2013,153,5.6
SEŽANA,Obalno-kraška,2014,130,7.7
SEŽANA,Obalno-kraška,2015,124,5.5
SEŽANA,Obalno-kraška,2016,143,5.1
SEŽANA,Obalno-kraška,2017,124,7.0
SEŽANA,Obalno-kraška,2018,148,5.8
SEŽANA,Obalno-kraška,2019,169,4.2
SEŽANA,Obalno-kraška,2020,154,1.5
SLOVENJ GRADEC,Koroška,2012,131,5.6
SLOVENJ GRADEC,Koroška,2013,125,6.0
SLOVENJ GRADEC,Koroška,2014,122,6.5
SLOVENJ GRADEC,Koroška,2015,111,6.4
SLOVENJ GRADEC,Koroška,2016,110,6.3
SLOVENJ GRADEC,Koroška,2017,124,7.3
SLOVENJ GRADEC,Koroška,2018,119,8.2
SLOVENJ GRADEC,Koroška,2019,130,6.8
SLOVENJ GRADEC,Koroška,2020,133,4.0
SLOVENSKA BISTRICA,Podravska,2012,142,5.4
SLOVENSKA BISTRICA,Podravska,2013,144,7.3
SLOVENSKA BISTRICA,Podravska,2014,151,6.1
SLOVENSKA BISTRICA,Podravska,2015,142,6.9
SLOVENSKA BISTRICA,Podravska,2016,149,6.1
SLOVENSKA BISTRICA,Podravska,2017,141,7.3
SLOVENSKA BISTRICA,Podravska,2018,134,9.0
SLOVENSKA BISTRICA,Podravska,2019,134,6.8
SLOVENSKA BISTRICA,Podravska,2020,137,3.5
SLOVENSKE KONJICE,Savinjska,2012,139,4.7
SLOVENSKE KONJICE,Savinjska,2013,135,5.7
SLOVENSKE KONJICE,Savinjska,2014,128,6.4
SLOVENSKE KONJICE,Savinjska,2015,124,6.5
SLOVENSKE KONJICE,Savinjska,2016,134,4.3
SLOVENSKE KONJICE,Savinjska,2017,135,7.6
SLOVENSKE KONJICE,Savinjska,2018,129,8.7
SLOVENSKE KONJICE,Savinjska,2019,116,6.7
SLOVENSKE KONJICE,Savinjska,2020,114,3.3
SODRAŽICA,Jugovzhodna Slovenija,2012,184,11.9
SODRAŽICA,Jugovzhodna Slovenija,2013,164,3.6
SODRAŽICA,Jugovzhodna Slovenija,2014,141,7.6
SODRAŽICA,Jugovzhodna Slovenija,2015,148,7.7
SODRAŽICA,Jugovzhodna Slovenija,2016,148,9.2
SODRAŽICA,Jugovzhodna Slovenija,2017,143,9.4
SODRAŽICA,Jugovzhodna Slovenija,2018,165,8.3
SODRAŽICA,Jugovzhodna Slovenija,2019,181,4.4
SODRAŽICA,Jugovzhodna Slovenija,2020,160,-3.7
SOLČAVA,Savinjska,2012,222,-7.4
SOLČAVA,Savinjska,2013,267,-2.3
SOLČAVA,Savinjska,2014,325,1.6
SOLČAVA,Savinjska,2015,150,-7.2
SOLČAVA,Savinjska,2016,150,-16.5
SOLČAVA,Savinjska,2017,150,-7.9
SOLČAVA,Savinjska,2018,117,-7.7
SOLČAVA,Savinjska,2019,150,-12.9
SOLČAVA,Savinjska,2020,180,-12.8
SREDIŠČE OB DRAVI,Podravska,2012,197,-1.0
SREDIŠČE OB DRAVI,Podravska,2013,235,-4.2
SREDIŠČE OB DRAVI,Podravska,2014,216,-3.2
SREDIŠČE OB DRAVI,Podravska,2015,188,-1.0
SREDIŠČE OB DRAVI,Podravska,2016,162,0.6
SREDIŠČE OB DRAVI,Podravska,2017,107,-1.3
SREDIŠČE OB DRAVI,Podravska,2018,150,1.8
SREDIŠČE OB DRAVI,Podravska,2019,130,2.0
SREDIŠČE OB DRAVI,Podravska,2020,132,-3.4
STARŠE,Podravska,2012,158,7.0
STARŠE,Podravska,2013,181,13.8
STARŠE,Podravska,2014,186,11.9
STARŠE,Podravska,2015,175,14.0
STARŠE,Podravska,2016,160,13.4
STARŠE,Podravska,2017,149,15.9
STARŠE,Podravska,2018,160,18.2
STARŠE,Podravska,2019,145,15.3
STARŠE,Podravska,2020,156,7.7
STRAŽA,Jugovzhodna Slovenija,2012,133,2.7
STRAŽA,Jugovzhodna Slovenija,2013,152,0.6
STRAŽA,Jugovzhodna Slovenija,2014,164,0.9
STRAŽA,Jugovzhodna Slovenija,2015,141,0.1
STRAŽA,Jugovzhodna Slovenija,2016,136,-0.4
STRAŽA,Jugovzhodna Slovenija,2017,133,-0.6
STRAŽA,Jugovzhodna Slovenija,2018,122,-2.3
STRAŽA,Jugovzhodna Slovenija,2019,128,-1.9
STRAŽA,Jugovzhodna Slovenija,2020,119,-5.2
SVETA ANA,Podravska,2012,200,1.6
SVETA ANA,Podravska,2013,177,1.3
SVETA ANA,Podravska,2014,186,0.2
SVETA ANA,Podravska,2015,144,5.5
SVETA ANA,Podravska,2016,152,4.7
SVETA ANA,Podravska,2017,140,6.7
SVETA ANA,Podravska,2018,165,7.1
SVETA ANA,Podravska,2019,141,4.7
SVETA ANA,Podravska,2020,165,1.7
SVETA TROJICA V SLOV. GORICAH,Podravska,2012,127,3.0
SVETA TROJICA V SLOV. GORICAH,Podravska,2013,128,8.9
SVETA TROJICA V SLOV. GORICAH,Podravska,2014,107,5.0
SVETA TROJICA V SLOV. GORICAH,Podravska,2015,90,3.4
SVETA TROJICA V SLOV. GORICAH,Podravska,2016,107,5.0
SVETA TROJICA V SLOV. GORICAH,Podravska,2017,107,1.0
SVETA TROJICA V SLOV. GORICAH,Podravska,2018,123,2.6
SVETA TROJICA V SLOV. GORICAH,Podravska,2019,143,0.2
SVETA TROJICA V SLOV. GORICAH,Podravska,2020,132,-1.3
SVETI ANDRAŽ V SLOV. GORICAH,Podravska,2012,97,-1.3
SVETI ANDRAŽ V SLOV. GORICAH,Podravska,2013,75,-0.5
SVETI ANDRAŽ V SLOV. GORICAH,Podravska,2014,109,7.7
SVETI ANDRAŽ V SLOV. GORICAH,Podravska,2015,105,7.0
SVETI ANDRAŽ V SLOV. GORICAH,Podravska,2016,181,1.6
SVETI ANDRAŽ V SLOV. GORICAH,Podravska,2017,144,-1.1
SVETI ANDRAŽ V SLOV. GORICAH,Podravska,2018,124,3.8
SVETI ANDRAŽ V SLOV. GORICAH,Podravska,2019,124,10.6
SVETI ANDRAŽ V SLOV. GORICAH,Podravska,2020,131,0.9
SVETI JURIJ OB ŠČAVNICI,Pomurska,2012,150,0.5
SVETI JURIJ OB ŠČAVNICI,Pomurska,2013,169,3.8
SVETI JURIJ OB ŠČAVNICI,Pomurska,2014,190,3.7
SVETI JURIJ OB ŠČAVNICI,Pomurska,2015,159,5.2
SVETI JURIJ OB ŠČAVNICI,Pomurska,2016,194,6.8
SVETI JURIJ OB ŠČAVNICI,Pomurska,2017,207,5.7
SVETI JURIJ OB ŠČAVNICI,Pomurska,2018,238,6.8
SVETI JURIJ OB ŠČAVNICI,Pomurska,2019,204,10.4
SVETI JURIJ OB ŠČAVNICI,Pomurska,2020,172,5.5
SVETI JURIJ V SLOV. GORICAH,Podravska,2012,130,0.2
SVETI JURIJ V SLOV. GORICAH,Podravska,2013,162,2.0
SVETI JURIJ V SLOV. GORICAH,Podravska,2014,129,2.3
SVETI JURIJ V SLOV. GORICAH,Podravska,2015,121,4.9
SVETI JURIJ V SLOV. GORICAH,Podravska,2016,119,7.2
SVETI JURIJ V SLOV. GORICAH,Podravska,2017,133,4.8
SVETI JURIJ V SLOV. GORICAH,Podravska,2018,148,9.0
SVETI JURIJ V SLOV. GORICAH,Podravska,2019,141,3.7
SVETI JURIJ V SLOV. GORICAH,Podravska,2020,206,-6.2
SVETI TOMAŽ,Podravska,2012,162,1.0
SVETI TOMAŽ,Podravska,2013,177,2.0
SVETI TOMAŽ,Podravska,2014,139,7.1
SVETI TOMAŽ,Podravska,2015,128,5.9
SVETI TOMAŽ,Podravska,2016,140,7.9
SVETI TOMAŽ,Podravska,2017,131,8.4
SVETI TOMAŽ,Podravska,2018,92,13.1
SVETI TOMAŽ,Podravska,2019,92,14.5
SVETI TOMAŽ,Podravska,2020,112,3.8
ŠALOVCI,Pomurska,2012,138,4.4
ŠALOVCI,Pomurska,2013,109,5.5
ŠALOVCI,Pomurska,2014,130,7.5
ŠALOVCI,Pomurska,2015,140,7.1
ŠALOVCI,Pomurska,2016,80,9.5
ŠALOVCI,Pomurska,2017,118,7.4
ŠALOVCI,Pomurska,2018,171,4.4
ŠALOVCI,Pomurska,2019,167,6.4
ŠALOVCI,Pomurska,2020,256,2.7
ŠEMPETER - VRTOJBA,Goriška,2012,123,8.2
ŠEMPETER - VRTOJBA,Goriška,2013,128,5.6
ŠEMPETER - VRTOJBA,Goriška,2014,114,4.2
ŠEMPETER - VRTOJBA,Goriška,2015,120,8.0
ŠEMPETER - VRTOJBA,Goriška,2016,123,5.5
ŠEMPETER - VRTOJBA,Goriška,2017,133,5.8
ŠEMPETER - VRTOJBA,Goriška,2018,132,6.9
ŠEMPETER - VRTOJBA,Goriška,2019,147,5.3
ŠEMPETER - VRTOJBA,Goriška,2020,162,0.3
ŠENČUR,Gorenjska,2012,152,12.3
ŠENČUR,Gorenjska,2013,145,13.3
ŠENČUR,Gorenjska,2014,149,11.9
ŠENČUR,Gorenjska,2015,146,16.1
ŠENČUR,Gorenjska,2016,161,13.8
ŠENČUR,Gorenjska,2017,147,12.4
ŠENČUR,Gorenjska,2018,136,13.8
ŠENČUR,Gorenjska,2019,122,9.2
ŠENČUR,Gorenjska,2020,125,5.2
ŠENTILJ,Podravska,2012,160,8.5
ŠENTILJ,Podravska,2013,146,8.6
ŠENTILJ,Podravska,2014,136,8.5
ŠENTILJ,Podravska,2015,141,9.0
ŠENTILJ,Podravska,2016,158,8.2
ŠENTILJ,Podravska,2017,165,8.8
ŠENTILJ,Podravska,2018,119,9.9
ŠENTILJ,Podravska,2019,137,9.5
ŠENTILJ,Podravska,2020,122,6.8
ŠENTJERNEJ,Jugovzhodna Slovenija,2012,153,3.5
ŠENTJERNEJ,Jugovzhodna Slovenija,2013,154,2.9
ŠENTJERNEJ,Jugovzhodna Slovenija,2014,135,4.9
ŠENTJERNEJ,Jugovzhodna Slovenija,2015,118,4.9
ŠENTJERNEJ,Jugovzhodna Slovenija,2016,120,7.1
ŠENTJERNEJ,Jugovzhodna Slovenija,2017,114,8.9
ŠENTJERNEJ,Jugovzhodna Slovenija,2018,145,8.6
ŠENTJERNEJ,Jugovzhodna Slovenija,2019,143,6.3
ŠENTJERNEJ,Jugovzhodna Slovenija,2020,148,2.1
ŠENTJUR,Savinjska,2012,139,4.6
ŠENTJUR,Savinjska,2013,139,3.3
ŠENTJUR,Savinjska,2014,148,4.4
ŠENTJUR,Savinjska,2015,157,4.2
ŠENTJUR,Savinjska,2016,140,5.0
ŠENTJUR,Savinjska,2017,154,7.2
ŠENTJUR,Savinjska,2018,150,7.4
ŠENTJUR,Savinjska,2019,135,6.7
ŠENTJUR,Savinjska,2020,140,3.0
ŠENTRUPERT,Jugovzhodna Slovenija,2012,144,-12.6
ŠENTRUPERT,Jugovzhodna Slovenija,2013,173,-5.3
ŠENTRUPERT,Jugovzhodna Slovenija,2014,158,-9.5
ŠENTRUPERT,Jugovzhodna Slovenija,2015,140,-3.7
ŠENTRUPERT,Jugovzhodna Slovenija,2016,144,-2.3
ŠENTRUPERT,Jugovzhodna Slovenija,2017,154,-2.9
ŠENTRUPERT,Jugovzhodna Slovenija,2018,144,-2.1
ŠENTRUPERT,Jugovzhodna Slovenija,2019,168,-0.6
ŠENTRUPERT,Jugovzhodna Slovenija,2020,131,-3.8
ŠKOCJAN,Jugovzhodna Slovenija,2012,145,6.5
ŠKOCJAN,Jugovzhodna Slovenija,2013,198,5.2
ŠKOCJAN,Jugovzhodna Slovenija,2014,182,6.2
ŠKOCJAN,Jugovzhodna Slovenija,2015,222,6.0
ŠKOCJAN,Jugovzhodna Slovenija,2016,218,3.3
ŠKOCJAN,Jugovzhodna Slovenija,2017,195,9.1
ŠKOCJAN,Jugovzhodna Slovenija,2018,184,6.9
ŠKOCJAN,Jugovzhodna Slovenija,2019,192,4.3
ŠKOCJAN,Jugovzhodna Slovenija,2020,184,2.5
ŠKOFJA LOKA,Gorenjska,2012,140,9.7
ŠKOFJA LOKA,Gorenjska,2013,139,10.7
ŠKOFJA LOKA,Gorenjska,2014,132,12.2
ŠKOFJA LOKA,Gorenjska,2015,122,12.5
ŠKOFJA LOKA,Gorenjska,2016,125,11.7
ŠKOFJA LOKA,Gorenjska,2017,141,11.0
ŠKOFJA LOKA,Gorenjska,2018,134,12.4
ŠKOFJA LOKA,Gorenjska,2019,135,10.6
ŠKOFJA LOKA,Gorenjska,2020,128,5.8
ŠKOFLJICA,Osrednjeslovenska,2012,142,6.7
ŠKOFLJICA,Osrednjeslovenska,2013,137,7.9
ŠKOFLJICA,Osrednjeslovenska,2014,133,7.8
ŠKOFLJICA,Osrednjeslovenska,2015,122,11.4
ŠKOFLJICA,Osrednjeslovenska,2016,137,7.4
ŠKOFLJICA,Osrednjeslovenska,2017,138,4.3
ŠKOFLJICA,Osrednjeslovenska,2018,128,4.3
ŠKOFLJICA,Osrednjeslovenska,2019,128,6.3
ŠKOFLJICA,Osrednjeslovenska,2020,143,2.8
ŠMARJE PRI JELŠAH,Savinjska,2012,162,4.0
ŠMARJE PRI JELŠAH,Savinjska,2013,165,4.2
ŠMARJE PRI JELŠAH,Savinjska,2014,140,5.6
ŠMARJE PRI JELŠAH,Savinjska,2015,152,5.4
ŠMARJE PRI JELŠAH,Savinjska,2016,154,5.2
ŠMARJE PRI JELŠAH,Savinjska,2017,167,7.5
ŠMARJE PRI JELŠAH,Savinjska,2018,164,8.3
ŠMARJE PRI JELŠAH,Savinjska,2019,182,6.6
ŠMARJE PRI JELŠAH,Savinjska,2020,183,3.7
ŠMARJEŠKE TOPLICE,Jugovzhodna Slovenija,2012,146,4.6
ŠMARJEŠKE TOPLICE,Jugovzhodna Slovenija,2013,164,4.3
ŠMARJEŠKE TOPLICE,Jugovzhodna Slovenija,2014,141,4.0
ŠMARJEŠKE TOPLICE,Jugovzhodna Slovenija,2015,126,1.8
ŠMARJEŠKE TOPLICE,Jugovzhodna Slovenija,2016,125,2.2
ŠMARJEŠKE TOPLICE,Jugovzhodna Slovenija,2017,135,3.1
ŠMARJEŠKE TOPLICE,Jugovzhodna Slovenija,2018,114,4.6
ŠMARJEŠKE TOPLICE,Jugovzhodna Slovenija,2019,143,1.9
ŠMARJEŠKE TOPLICE,Jugovzhodna Slovenija,2020,141,-0.4
ŠMARTNO OB PAKI,Savinjska,2012,149,17.6
ŠMARTNO OB PAKI,Savinjska,2013,153,17.8
ŠMARTNO OB PAKI,Savinjska,2014,126,16.3
ŠMARTNO OB PAKI,Savinjska,2015,145,15.7
ŠMARTNO OB PAKI,Savinjska,2016,150,14.5
ŠMARTNO OB PAKI,Savinjska,2017,135,17.2
ŠMARTNO OB PAKI,Savinjska,2018,113,20.1
ŠMARTNO OB PAKI,Savinjska,2019,134,17.0
ŠMARTNO OB PAKI,Savinjska,2020,139,13.2
ŠMARTNO PRI LITIJI,Osrednjeslovenska,2012,147,5.5
ŠMARTNO PRI LITIJI,Osrednjeslovenska,2013,158,7.1
ŠMARTNO PRI LITIJI,Osrednjeslovenska,2014,139,9.0
ŠMARTNO PRI LITIJI,Osrednjeslovenska,2015,129,10.0
ŠMARTNO PRI LITIJI,Osrednjeslovenska,2016,145,9.5
ŠMARTNO PRI LITIJI,Osrednjeslovenska,2017,146,10.4
ŠMARTNO PRI LITIJI,Osrednjeslovenska,2018,152,11.3
ŠMARTNO PRI LITIJI,Osrednjeslovenska,2019,125,8.5
ŠMARTNO PRI LITIJI,Osrednjeslovenska,2020,157,4.4
ŠOŠTANJ,Savinjska,2012,109,20.0
ŠOŠTANJ,Savinjska,2013,125,18.1
ŠOŠTANJ,Savinjska,2014,125,20.6
ŠOŠTANJ,Savinjska,2015,144,21.0
ŠOŠTANJ,Savinjska,2016,147,19.5
ŠOŠTANJ,Savinjska,2017,149,19.8
ŠOŠTANJ,Savinjska,2018,155,19.4
ŠOŠTANJ,Savinjska,2019,153,19.2
ŠOŠTANJ,Savinjska,2020,141,12.0
ŠTORE,Savinjska,2012,149,3.6
ŠTORE,Savinjska,2013,138,6.1
ŠTORE,Savinjska,2014,129,4.4
ŠTORE,Savinjska,2015,117,6.0
ŠTORE,Savinjska,2016,154,8.3
ŠTORE,Savinjska,2017,142,9.9
ŠTORE,Savinjska,2018,115,7.8
ŠTORE,Savinjska,2019,131,8.0
ŠTORE,Savinjska,2020,128,2.7
TABOR,Savinjska,2012,145,8.4
TABOR,Savinjska,2013,161,2.7
TABOR,Savinjska,2014,148,-0.8
TABOR,Savinjska,2015,185,3.0
TABOR,Savinjska,2016,227,4.1
TABOR,Savinjska,2017,180,2.2
TABOR,Savinjska,2018,200,8.1
TABOR,Savinjska,2019,191,8.3
TABOR,Savinjska,2020,182,4.7
TIŠINA,Pomurska,2012,163,2.0
TIŠINA,Pomurska,2013,185,3.7
TIŠINA,Pomurska,2014,179,3.2
TIŠINA,Pomurska,2015,149,0.9
TIŠINA,Pomurska,2016,191,8.9
TIŠINA,Pomurska,2017,190,6.5
TIŠINA,Pomurska,2018,175,11.2
TIŠINA,Pomurska,2019,149,9.5
TIŠINA,Pomurska,2020,120,7.1
TOLMIN,Goriška,2012,159,5.4
TOLMIN,Goriška,2013,156,7.0
TOLMIN,Goriška,2014,153,6.7
TOLMIN,Goriška,2015,150,7.5
TOLMIN,Goriška,2016,139,6.8
TOLMIN,Goriška,2017,146,6.6
TOLMIN,Goriška,2018,141,5.2
TOLMIN,Goriška,2019,143,6.0
TOLMIN,Goriška,2020,128,1.9
TRBOVLJE,Zasavska,2012,145,10.2
TRBOVLJE,Zasavska,2013,143,9.8
TRBOVLJE,Zasavska,2014,128,8.4
TRBOVLJE,Zasavska,2015,130,9.0
TRBOVLJE,Zasavska,2016,117,8.7
TRBOVLJE,Zasavska,2017,125,9.4
TRBOVLJE,Zasavska,2018,136,9.5
TRBOVLJE,Zasavska,2019,142,8.3
TRBOVLJE,Zasavska,2020,136,4.1
TREBNJE,Jugovzhodna Slovenija,2012,128,0.6
TREBNJE,Jugovzhodna Slovenija,2013,126,1.2
TREBNJE,Jugovzhodna Slovenija,2014,131,1.3
TREBNJE,Jugovzhodna Slovenija,2015,130,3.3
TREBNJE,Jugovzhodna Slovenija,2016,133,2.7
TREBNJE,Jugovzhodna Slovenija,2017,140,2.4
TREBNJE,Jugovzhodna Slovenija,2018,128,4.2
TREBNJE,Jugovzhodna Slovenija,2019,132,2.6
TREBNJE,Jugovzhodna Slovenija,2020,124,-1.2
TRNOVSKA VAS,Podravska,2012,91,4.6
TRNOVSKA VAS,Podravska,2013,132,7.5
TRNOVSKA VAS,Podravska,2014,161,7.3
TRNOVSKA VAS,Podravska,2015,136,9.4
TRNOVSKA VAS,Podravska,2016,182,11.2
TRNOVSKA VAS,Podravska,2017,200,14.6
TRNOVSKA VAS,Podravska,2018,141,11.7
TRNOVSKA VAS,Podravska,2019,129,10.4
TRNOVSKA VAS,Podravska,2020,122,4.5
TRZIN,Osrednjeslovenska,2012,130,8.5
TRZIN,Osrednjeslovenska,2013,126,4.9
TRZIN,Osrednjeslovenska,2014,119,5.3
TRZIN,Osrednjeslovenska,2015,127,8.2
TRZIN,Osrednjeslovenska,2016,138,8.3
TRZIN,Osrednjeslovenska,2017,122,6.9
TRZIN,Osrednjeslovenska,2018,137,6.8
TRZIN,Osrednjeslovenska,2019,114,3.0
TRZIN,Osrednjeslovenska,2020,136,-4.6
TRŽIČ,Gorenjska,2012,157,6.3
TRŽIČ,Gorenjska,2013,164,5.4
TRŽIČ,Gorenjska,2014,165,6.3
TRŽIČ,Gorenjska,2015,171,7.8
TRŽIČ,Gorenjska,2016,147,9.0
TRŽIČ,Gorenjska,2017,142,8.5
TRŽIČ,Gorenjska,2018,132,10.5
TRŽIČ,Gorenjska,2019,124,9.8
TRŽIČ,Gorenjska,2020,135,6.0
TURNIŠČE,Pomurska,2012,143,12.8
TURNIŠČE,Pomurska,2013,147,11.8
TURNIŠČE,Pomurska,2014,127,11.8
TURNIŠČE,Pomurska,2015,143,8.9
TURNIŠČE,Pomurska,2016,146,13.8
TURNIŠČE,Pomurska,2017,131,14.5
TURNIŠČE,Pomurska,2018,129,14.3
TURNIŠČE,Pomurska,2019,124,13.2
TURNIŠČE,Pomurska,2020,137,8.4
VELENJE,Savinjska,2012,133,17.3
VELENJE,Savinjska,2013,139,17.0
VELENJE,Savinjska,2014,130,18.8
VELENJE,Savinjska,2015,130,16.8
VELENJE,Savinjska,2016,122,15.2
VELENJE,Savinjska,2017,123,16.6
VELENJE,Savinjska,2018,127,17.2
VELENJE,Savinjska,2019,129,14.0
VELENJE,Savinjska,2020,126,9.7
VELIKA POLANA,Pomurska,2012,159,1.4
VELIKA POLANA,Pomurska,2013,158,1.6
VELIKA POLANA,Pomurska,2014,200,-0.8
VELIKA POLANA,Pomurska,2015,229,2.2
VELIKA POLANA,Pomurska,2016,200,10.3
VELIKA POLANA,Pomurska,2017,193,4.2
VELIKA POLANA,Pomurska,2018,136,7.2
VELIKA POLANA,Pomurska,2019,164,9.2
VELIKA POLANA,Pomurska,2020,147,1.9
VELIKE LAŠČE,Osrednjeslovenska,2012,121,6.0
VELIKE LAŠČE,Osrednjeslovenska,2013,133,4.2
VELIKE LAŠČE,Osrednjeslovenska,2014,132,4.8
VELIKE LAŠČE,Osrednjeslovenska,2015,127,2.4
VELIKE LAŠČE,Osrednjeslovenska,2016,149,2.8
VELIKE LAŠČE,Osrednjeslovenska,2017,154,4.5
VELIKE LAŠČE,Osrednjeslovenska,2018,170,6.0
VELIKE LAŠČE,Osrednjeslovenska,2019,163,2.2
VELIKE LAŠČE,Osrednjeslovenska,2020,170,-2.0
VERŽEJ,Pomurska,2012,137,6.3
VERŽEJ,Pomurska,2013,131,10.4
VERŽEJ,Pomurska,2014,152,12.9
VERŽEJ,Pomurska,2015,143,10.5
VERŽEJ,Pomurska,2016,164,15.4
VERŽEJ,Pomurska,2017,150,11.9
VERŽEJ,Pomurska,2018,210,10.6
VERŽEJ,Pomurska,2019,175,4.2
VERŽEJ,Pomurska,2020,194,-0.4
VIDEM,Podravska,2012,165,9.7
VIDEM,Podravska,2013,159,8.2
VIDEM,Podravska,2014,133,9.5
VIDEM,Podravska,2015,141,8.8
VIDEM,Podravska,2016,124,12.5
VIDEM,Podravska,2017,126,14.2
VIDEM,Podravska,2018,119,15.3
VIDEM,Podravska,2019,100,15.3
VIDEM,Podravska,2020,134,8.3
VIPAVA,Goriška,2012,128,3.1
VIPAVA,Goriška,2013,119,2.6
VIPAVA,Goriška,2014,117,6.3
VIPAVA,Goriška,2015,133,7.3
VIPAVA,Goriška,2016,142,5.7
VIPAVA,Goriška,2017,149,5.0
VIPAVA,Goriška,2018,153,5.3
VIPAVA,Goriška,2019,141,4.9
VIPAVA,Goriška,2020,120,3.7
VITANJE,Savinjska,2012,197,9.0
VITANJE,Savinjska,2013,162,8.6
VITANJE,Savinjska,2014,136,9.1
VITANJE,Savinjska,2015,142,8.2
VITANJE,Savinjska,2016,105,5.7
VITANJE,Savinjska,2017,98,9.1
VITANJE,Savinjska,2018,150,12.1
VITANJE,Savinjska,2019,162,12.3
VITANJE,Savinjska,2020,181,7.1
VODICE,Osrednjeslovenska,2012,160,5.9
VODICE,Osrednjeslovenska,2013,146,6.3
VODICE,Osrednjeslovenska,2014,141,7.0
VODICE,Osrednjeslovenska,2015,112,6.8
VODICE,Osrednjeslovenska,2016,101,6.4
VODICE,Osrednjeslovenska,2017,97,5.9
VODICE,Osrednjeslovenska,2018,105,7.3
VODICE,Osrednjeslovenska,2019,116,5.2
VODICE,Osrednjeslovenska,2020,127,4.3
VOJNIK,Savinjska,2012,140,8.8
VOJNIK,Savinjska,2013,151,6.7
VOJNIK,Savinjska,2014,149,9.3
VOJNIK,Savinjska,2015,143,10.2
VOJNIK,Savinjska,2016,137,8.3
VOJNIK,Savinjska,2017,124,10.1
VOJNIK,Savinjska,2018,171,10.6
VOJNIK,Savinjska,2019,173,10.7
VOJNIK,Savinjska,2020,156,6.4
VRANSKO,Savinjska,2012,178,10.0
VRANSKO,Savinjska,2013,193,12.4
VRANSKO,Savinjska,2014,203,9.6
VRANSKO,Savinjska,2015,164,9.5
VRANSKO,Savinjska,2016,152,5.9
VRANSKO,Savinjska,2017,125,9.0
VRANSKO,Savinjska,2018,145,11.0
VRANSKO,Savinjska,2019,126,11.0
VRANSKO,Savinjska,2020,157,2.2
VRHNIKA,Osrednjeslovenska,2012,139,1.1
VRHNIKA,Osrednjeslovenska,2013,132,1.0
VRHNIKA,Osrednjeslovenska,2014,150,1.1
VRHNIKA,Osrednjeslovenska,2015,147,3.2
VRHNIKA,Osrednjeslovenska,2016,152,3.8
VRHNIKA,Osrednjeslovenska,2017,143,3.3
VRHNIKA,Osrednjeslovenska,2018,156,5.4
VRHNIKA,Osrednjeslovenska,2019,143,3.9
VRHNIKA,Osrednjeslovenska,2020,133,1.6
VUZENICA,Koroška,2012,154,6.1
VUZENICA,Koroška,2013,167,8.8
VUZENICA,Koroška,2014,189,12.4
VUZENICA,Koroška,2015,176,10.6
VUZENICA,Koroška,2016,142,7.3
VUZENICA,Koroška,2017,154,10.3
VUZENICA,Koroška,2018,117,14.2
VUZENICA,Koroška,2019,141,12.5
VUZENICA,Koroška,2020,142,6.5
ZAGORJE OB SAVI,Zasavska,2012,131,3.7
ZAGORJE OB SAVI,Zasavska,2013,141,4.3
ZAGORJE OB SAVI,Zasavska,2014,137,5.4
ZAGORJE OB SAVI,Zasavska,2015,146,5.3
ZAGORJE OB SAVI,Zasavska,2016,141,4.9
ZAGORJE OB SAVI,Zasavska,2017,144,7.6
ZAGORJE OB SAVI,Zasavska,2018,157,7.4
ZAGORJE OB SAVI,Zasavska,2019,150,5.6
ZAGORJE OB SAVI,Zasavska,2020,145,1.7
ZAVRČ,Podravska,2012,136,7.6
ZAVRČ,Podravska,2013,162,1.4
ZAVRČ,Podravska,2014,188,4.6
ZAVRČ,Podravska,2015,163,6.2
ZAVRČ,Podravska,2016,206,9.8
ZAVRČ,Podravska,2017,233,11.1
ZAVRČ,Podravska,2018,188,12.0
ZAVRČ,Podravska,2019,179,15.8
ZAVRČ,Podravska,2020,200,7.8
ZREČE,Savinjska,2012,118,5.9
ZREČE,Savinjska,2013,115,6.2
ZREČE,Savinjska,2014,113,7.1
ZREČE,Savinjska,2015,112,7.9
ZREČE,Savinjska,2016,129,5.0
ZREČE,Savinjska,2017,138,7.2
ZREČE,Savinjska,2018,147,8.1
ZREČE,Savinjska,2019,142,8.4
ZREČE,Savinjska,2020,153,3.5
ŽALEC,Savinjska,2012,139,8.1
ŽALEC,Savinjska,2013,141,8.6
ŽALEC,Savinjska,2014,146,9.5
ŽALEC,Savinjska,2015,151,9.5
ŽALEC,Savinjska,2016,147,8.5
ŽALEC,Savinjska,2017,141,8.2
ŽALEC,Savinjska,2018,134,9.6
ŽALEC,Savinjska,2019,126,8.0
ŽALEC,Savinjska,2020,128,2.4
ŽELEZNIKI,Gorenjska,2012,154,8.8
ŽELEZNIKI,Gorenjska,2013,141,8.3
ŽELEZNIKI,Gorenjska,2014,151,9.9
ŽELEZNIKI,Gorenjska,2015,126,11.2
ŽELEZNIKI,Gorenjska,2016,135,10.7
ŽELEZNIKI,Gorenjska,2017,121,12.6
ŽELEZNIKI,Gorenjska,2018,131,12.2
ŽELEZNIKI,Gorenjska,2019,146,11.0
ŽELEZNIKI,Gorenjska,2020,136,7.4
ŽETALE,Podravska,2012,124,7.4
ŽETALE,Podravska,2013,144,9.6
ŽETALE,Podravska,2014,147,10.1
ŽETALE,Podravska,2015,150,11.1
ŽETALE,Podravska,2016,192,10.9
ŽETALE,Podravska,2017,208,13.3
ŽETALE,Podravska,2018,233,16.1
ŽETALE,Podravska,2019,100,10.4
ŽETALE,Podravska,2020,129,4.1
ŽIRI,Gorenjska,2012,121,8.4
ŽIRI,Gorenjska,2013,143,9.0
ŽIRI,Gorenjska,2014,144,9.4
ŽIRI,Gorenjska,2015,156,9.8
ŽIRI,Gorenjska,2016,199,9.3
ŽIRI,Gorenjska,2017,173,6.9
ŽIRI,Gorenjska,2018,172,7.0
ŽIRI,Gorenjska,2019,203,4.6
ŽIRI,Gorenjska,2020,176,1.3
ŽIROVNICA,Gorenjska,2012,125,1.9
ŽIROVNICA,Gorenjska,2013,122,1.7
ŽIROVNICA,Gorenjska,2014,135,2.9
ŽIROVNICA,Gorenjska,2015,107,3.1
ŽIROVNICA,Gorenjska,2016,100,5.0
ŽIROVNICA,Gorenjska,2017,127,6.8
ŽIROVNICA,Gorenjska,2018,114,4.9
ŽIROVNICA,Gorenjska,2019,123,6.2
ŽIROVNICA,Gorenjska,2020,135,3.1
ŽUŽEMBERK,Jugovzhodna Slovenija,2012,144,5.5
ŽUŽEMBERK,Jugovzhodna Slovenija,2013,148,5.2
ŽUŽEMBERK,Jugovzhodna Slovenija,2014,145,5.5
ŽUŽEMBERK,Jugovzhodna Slovenija,2015,129,8.0
ŽUŽEMBERK,Jugovzhodna Slovenija,2016,142,7.2
ŽUŽEMBERK,Jugovzhodna Slovenija,2017,152,6.8
ŽUŽEMBERK,Jugovzhodna Slovenija,2018,181,7.7
ŽUŽEMBERK,Jugovzhodna Slovenija,2019,183,7.8
ŽUŽEMBERK,Jugovzhodna Slovenija,2020,194,3.9
